발생년도,가해자,피해자,법규위반
2012,승용차,보행자,안전운전 의무 불이행
2012,승용차,보행자,안전운전 의무 불이행
2012,승용차,보행자,안전운전 의무 불이행
2012,승용차,보행자,안전운전 의무 불이행
2012,화물차,보행자,안전운전 의무 불이행
2012,이륜차,승용차,중앙선침범
2012,화물차,보행자,안전운전 의무 불이행
2012,화물차,보행자,신호위반
2012,이륜차,승용차,중앙선침범
2012,승용차,보행자,안전운전 의무 불이행
2012,승용차,보행자,안전운전 의무 불이행
2012,승용차,화물차,안전운전 의무 불이행
2012,승합차,승용차,신호위반
2012,화물차,보행자,신호위반
2012,승합차,보행자,보행자 보호의무 위반
2012,승용차,승용차,중앙선침범
2012,승용차,보행자,안전운전 의무 불이행
2012,승합차,보행자,안전운전 의무 불이행
2012,승합차,보행자,안전운전 의무 불이행
2012,승용차,보행자,안전운전 의무 불이행
2012,이륜차,승용차,중앙선침범
2012,승용차,보행자,안전운전 의무 불이행
2012,승용차,없음,안전운전 의무 불이행
2012,승용차,보행자,안전운전 의무 불이행
2012,이륜차,없음,안전운전 의무 불이행
2012,승합차,보행자,안전운전 의무 불이행
2012,승합차,보행자,안전운전 의무 불이행
2012,승용차,보행자,안전운전 의무 불이행
2012,승용차,없음,안전운전 의무 불이행
2012,화물차,없음,안전운전 의무 불이행
2012,승용차,보행자,안전운전 의무 불이행
2012,승용차,보행자,안전운전 의무 불이행
2012,이륜차,이륜차,신호위반
2012,승용차,없음,안전운전 의무 불이행
2012,승용차,원동기장치자전거,중앙선침범
2012,승용차,보행자,안전운전 의무 불이행
2012,승용차,보행자,안전운전 의무 불이행
2012,승용차,보행자,안전운전 의무 불이행
2012,승용차,원동기장치자전거,중앙선침범
2012,승용차,보행자,안전운전 의무 불이행
2012,승용차,없음,안전운전 의무 불이행
2012,화물차,보행자,안전운전 의무 불이행
2012,승용차,보행자,안전운전 의무 불이행
2012,승합차,보행자,안전운전 의무 불이행
2012,승합차,보행자,안전운전 의무 불이행
2012,이륜차,보행자,안전운전 의무 불이행
2012,이륜차,승용차,교차로 통행방법 위반
2012,승용차,없음,안전운전 의무 불이행
2012,자전거,화물차,중앙선침범
2012,이륜차,승용차,신호위반
2012,자전거,보행자,안전운전 의무 불이행
2012,화물차,원동기장치자전거,안전운전 의무 불이행
2012,이륜차,승용차,중앙선침범
2012,이륜차,보행자,안전운전 의무 불이행
2012,자전거,보행자,신호위반
2012,이륜차,보행자,안전운전 의무 불이행
2012,이륜차,승용차,안전운전 의무 불이행
2012,승용차,보행자,안전운전 의무 불이행
2012,자전거,승용차,안전운전 의무 불이행
2012,승용차,보행자,안전운전 의무 불이행
2012,승용차,보행자,안전운전 의무 불이행
2012,이륜차,보행자,안전운전 의무 불이행
2012,자전거,화물차,안전운전 의무 불이행
2012,화물차,보행자,안전운전 의무 불이행
2012,승용차,보행자,안전운전 의무 불이행
2012,이륜차,승용차,기타
2012,원동기장치자전거,없음,안전운전 의무 불이행
2012,승용차,보행자,신호위반
2012,승용차,보행자,기타
2012,승용차,보행자,안전운전 의무 불이행
2012,승합차,보행자,안전운전 의무 불이행
2012,화물차,보행자,안전운전 의무 불이행
2012,이륜차,승합차,안전운전 의무 불이행
2012,승용차,보행자,안전운전 의무 불이행
2012,이륜차,없음,안전운전 의무 불이행
2012,승용차,보행자,안전운전 의무 불이행
2012,건설기계,자전거,안전운전 의무 불이행
2012,이륜차,승용차,신호위반
2012,화물차,보행자,안전운전 의무 불이행
2012,승용차,승용차,기타
2012,화물차,보행자,안전운전 의무 불이행
2012,승용차,보행자,안전운전 의무 불이행
2012,승용차,보행자,안전운전 의무 불이행
2012,승용차,보행자,안전운전 의무 불이행
2012,승합차,보행자,안전운전 의무 불이행
2012,화물차,자전거,안전운전 의무 불이행
2012,승용차,보행자,안전운전 의무 불이행
2012,승용차,보행자,안전운전 의무 불이행
2012,승용차,보행자,기타
2012,승합차,보행자,안전운전 의무 불이행
2012,승합차,보행자,신호위반
2012,승용차,보행자,안전운전 의무 불이행
2012,승용차,보행자,안전운전 의무 불이행
2012,승용차,이륜차,안전운전 의무 불이행
2012,승합차,이륜차,안전운전 의무 불이행
2012,이륜차,없음,안전운전 의무 불이행
2012,화물차,보행자,안전운전 의무 불이행
2012,원동기장치자전거,승용차,신호위반
2012,원동기장치자전거,승용차,신호위반
2012,승합차,보행자,안전운전 의무 불이행
2012,승합차,보행자,안전운전 의무 불이행
2012,승합차,보행자,과속
2012,승합차,보행자,안전운전 의무 불이행
2012,이륜차,없음,안전운전 의무 불이행
2012,승용차,없음,안전운전 의무 불이행
2012,이륜차,없음,안전운전 의무 불이행
2012,승용차,보행자,안전운전 의무 불이행
2012,승합차,보행자,안전운전 의무 불이행
2012,승용차,없음,안전운전 의무 불이행
2012,승용차,승합차,신호위반
2012,승용차,보행자,안전운전 의무 불이행
2012,승용차,원동기장치자전거,교차로 통행방법 위반
2012,승용차,보행자,안전운전 의무 불이행
2012,원동기장치자전거,승합차,중앙선침범
2012,승용차,승합차,안전운전 의무 불이행
2012,화물차,보행자,보행자 보호의무 위반
2012,원동기장치자전거,승용차,안전운전 의무 불이행
2012,승합차,보행자,안전운전 의무 불이행
2012,승용차,승용차,안전운전 의무 불이행
2012,승용차,없음,안전운전 의무 불이행
2012,승합차,보행자,안전운전 의무 불이행
2012,화물차,보행자,보행자 보호의무 위반
2012,승용차,보행자,안전운전 의무 불이행
2012,승용차,보행자,신호위반
2012,이륜차,없음,안전운전 의무 불이행
2012,승용차,승용차,안전운전 의무 불이행
2012,승용차,보행자,안전운전 의무 불이행
2012,이륜차,이륜차,안전운전 의무 불이행
2012,승용차,보행자,안전운전 의무 불이행
2012,화물차,보행자,안전운전 의무 불이행
2012,승용차,승용차,안전운전 의무 불이행
2012,화물차,승용차,안전운전 의무 불이행
2012,승용차,이륜차,신호위반
2012,화물차,없음,안전운전 의무 불이행
2012,화물차,이륜차,신호위반
2012,승용차,보행자,안전운전 의무 불이행
2012,승합차,자전거,안전운전 의무 불이행
2012,승용차,이륜차,안전운전 의무 불이행
2012,건설기계,화물차,신호위반
2012,승용차,자전거,신호위반
2012,자전거,승용차,신호위반
2012,승용차,보행자,안전운전 의무 불이행
2012,이륜차,없음,안전운전 의무 불이행
2012,화물차,원동기장치자전거,안전운전 의무 불이행
2012,건설기계,보행자,보행자 보호의무 위반
2012,승용차,보행자,신호위반
2012,이륜차,보행자,안전운전 의무 불이행
2012,승용차,보행자,안전운전 의무 불이행
2012,승합차,보행자,안전운전 의무 불이행
2012,승용차,보행자,기타
2012,원동기장치자전거,없음,안전운전 의무 불이행
2012,화물차,보행자,안전운전 의무 불이행
2012,승용차,없음,안전운전 의무 불이행
2012,승용차,자전거,안전운전 의무 불이행
2012,승용차,보행자,안전운전 의무 불이행
2012,승용차,승용차,중앙선침범
2012,승용차,보행자,안전운전 의무 불이행
2012,승용차,보행자,안전운전 의무 불이행
2012,승합차,없음,안전운전 의무 불이행
2012,승용차,없음,안전운전 의무 불이행
2012,승용차,보행자,안전운전 의무 불이행
2012,승용차,보행자,신호위반
2012,승용차,없음,안전운전 의무 불이행
2012,승용차,이륜차,신호위반
2012,화물차,보행자,보행자 보호의무 위반
2012,화물차,보행자,안전운전 의무 불이행
2012,승용차,승용차,안전운전 의무 불이행
2012,승용차,승용차,과속
2012,건설기계,보행자,안전운전 의무 불이행
2012,승용차,보행자,안전운전 의무 불이행
2012,화물차,화물차,안전운전 의무 불이행
2012,승용차,없음,안전운전 의무 불이행
2012,원동기장치자전거,원동기장치자전거,중앙선침범
2012,승용차,화물차,안전운전 의무 불이행
2012,원동기장치자전거,없음,안전운전 의무 불이행
2012,이륜차,승합차,신호위반
2012,승합차,보행자,안전운전 의무 불이행
2012,승용차,보행자,안전운전 의무 불이행
2012,화물차,보행자,기타
2012,승용차,보행자,안전운전 의무 불이행
2012,승합차,이륜차,신호위반
2012,화물차,보행자,안전운전 의무 불이행
2012,승합차,자전거,안전운전 의무 불이행
2012,승용차,화물차,안전거리미확보
2012,승합차,보행자,신호위반
2012,화물차,보행자,안전운전 의무 불이행
2012,승용차,승용차,안전운전 의무 불이행
2012,승용차,보행자,기타
2012,승합차,보행자,안전운전 의무 불이행
2012,승용차,보행자,안전운전 의무 불이행
2012,승용차,없음,안전운전 의무 불이행
2012,승용차,보행자,안전운전 의무 불이행
2012,승합차,보행자,안전운전 의무 불이행
2012,화물차,보행자,안전운전 의무 불이행
2012,승용차,보행자,안전운전 의무 불이행
2012,화물차,보행자,기타
2012,승용차,보행자,안전운전 의무 불이행
2012,승합차,이륜차,안전운전 의무 불이행
2012,승합차,보행자,안전운전 의무 불이행
2012,승합차,보행자,안전운전 의무 불이행
2012,원동기장치자전거,보행자,중앙선침범
2012,원동기장치자전거,승용차,중앙선침범
2012,승용차,승용차,안전운전 의무 불이행
2012,승합차,보행자,안전운전 의무 불이행
2012,승용차,승용차,중앙선침범
2012,화물차,보행자,안전운전 의무 불이행
2012,승용차,승합차,안전거리미확보
2012,자전거,승용차,중앙선침범
2012,이륜차,없음,안전운전 의무 불이행
2012,승용차,없음,안전운전 의무 불이행
2012,화물차,이륜차,안전운전 의무 불이행
2012,화물차,보행자,안전운전 의무 불이행
2012,승용차,보행자,안전운전 의무 불이행
2012,승용차,없음,안전운전 의무 불이행
2012,승용차,보행자,안전운전 의무 불이행
2012,원동기장치자전거,건설기계,신호위반
2012,승합차,보행자,안전운전 의무 불이행
2012,승용차,보행자,안전운전 의무 불이행
2012,승용차,보행자,안전운전 의무 불이행
2012,승용차,승용차,안전운전 의무 불이행
2012,승용차,승합차,중앙선침범
2012,승용차,보행자,안전운전 의무 불이행
2012,승합차,보행자,안전운전 의무 불이행
2012,승용차,이륜차,교차로 통행방법 위반
2012,건설기계,승용차,안전운전 의무 불이행
2012,승용차,보행자,안전운전 의무 불이행
2012,화물차,없음,안전운전 의무 불이행
2012,이륜차,승합차,신호위반
2012,화물차,보행자,보행자 보호의무 위반
2012,화물차,보행자,보행자 보호의무 위반
2012,승용차,보행자,안전운전 의무 불이행
2012,승용차,없음,안전운전 의무 불이행
2012,승용차,이륜차,안전거리미확보
2012,승용차,보행자,과속
2012,화물차,보행자,안전운전 의무 불이행
2012,승용차,보행자,안전운전 의무 불이행
2012,화물차,보행자,안전운전 의무 불이행
2012,승용차,보행자,안전운전 의무 불이행
2012,이륜차,승합차,중앙선침범
2012,건설기계,자전거,안전운전 의무 불이행
2012,원동기장치자전거,없음,안전운전 의무 불이행
2012,화물차,없음,기타
2012,자전거,화물차,기타
2012,이륜차,없음,안전운전 의무 불이행
2012,이륜차,보행자,안전운전 의무 불이행
2012,승용차,보행자,보행자 보호의무 위반
2012,화물차,보행자,안전운전 의무 불이행
2012,화물차,보행자,안전운전 의무 불이행
2012,화물차,없음,안전운전 의무 불이행
2012,승용차,승용차,안전운전 의무 불이행
2012,화물차,보행자,신호위반
2012,승용차,승용차,안전운전 의무 불이행
2012,승용차,보행자,신호위반
2012,자전거,승용차,신호위반
2012,원동기장치자전거,승용차,안전운전 의무 불이행
2012,자전거,승용차,중앙선침범
2012,승용차,보행자,안전운전 의무 불이행
2012,승용차,승용차,과속
2012,승용차,보행자,안전운전 의무 불이행
2012,승용차,보행자,안전운전 의무 불이행
2012,승용차,이륜차,안전운전 의무 불이행
2012,이륜차,이륜차,안전거리미확보
2012,승합차,보행자,안전운전 의무 불이행
2012,승용차,보행자,신호위반
2012,승용차,보행자,안전운전 의무 불이행
2012,승합차,보행자,안전운전 의무 불이행
2012,원동기장치자전거,없음,안전운전 의무 불이행
2012,승합차,보행자,안전운전 의무 불이행
2012,승용차,보행자,안전운전 의무 불이행
2012,승용차,보행자,안전운전 의무 불이행
2012,승용차,승용차,안전운전 의무 불이행
2012,승용차,보행자,안전운전 의무 불이행
2012,승용차,보행자,기타
2012,승합차,보행자,안전운전 의무 불이행
2012,화물차,없음,안전운전 의무 불이행
2012,승용차,화물차,안전거리미확보
2012,승합차,보행자,안전운전 의무 불이행
2012,승용차,보행자,안전운전 의무 불이행
2012,특수차,원동기장치자전거,중앙선침범
2012,원동기장치자전거,승용차,신호위반
2012,승용차,승용차,안전운전 의무 불이행
2012,승용차,보행자,과속
2012,승용차,보행자,안전운전 의무 불이행
2012,원동기장치자전거,보행자,안전운전 의무 불이행
2012,자전거,승용차,중앙선침범
2012,승합차,보행자,안전운전 의무 불이행
2012,승용차,보행자,기타
2012,이륜차,승용차,중앙선침범
2012,이륜차,승용차,안전운전 의무 불이행
2012,승용차,보행자,과속
2012,화물차,보행자,안전운전 의무 불이행
2012,화물차,보행자,안전운전 의무 불이행
2012,화물차,없음,안전운전 의무 불이행
2012,화물차,보행자,안전운전 의무 불이행
2012,승용차,승용차,중앙선침범
2012,승합차,보행자,안전운전 의무 불이행
2012,화물차,없음,안전운전 의무 불이행
2012,승용차,이륜차,신호위반
2012,승용차,보행자,과속
2012,승용차,화물차,신호위반
2012,승용차,화물차,안전운전 의무 불이행
2012,승합차,자전거,안전운전 의무 불이행
2012,승용차,자전거,신호위반
2012,화물차,화물차,안전운전 의무 불이행
2012,승용차,보행자,신호위반
2012,화물차,자전거,안전운전 의무 불이행
2012,승용차,보행자,안전운전 의무 불이행
2012,승용차,보행자,안전운전 의무 불이행
2012,승용차,보행자,안전운전 의무 불이행
2012,승용차,보행자,안전운전 의무 불이행
2012,승용차,보행자,안전운전 의무 불이행
2012,승용차,보행자,안전운전 의무 불이행
2012,이륜차,승용차,중앙선침범
2012,승합차,보행자,안전운전 의무 불이행
2012,승용차,승용차,안전운전 의무 불이행
2012,화물차,보행자,안전운전 의무 불이행
2012,승용차,보행자,안전운전 의무 불이행
2012,이륜차,승합차,신호위반
2012,승용차,보행자,안전운전 의무 불이행
2012,승용차,없음,안전운전 의무 불이행
2012,승용차,승용차,안전운전 의무 불이행
2012,승용차,보행자,신호위반
2012,승용차,화물차,안전운전 의무 불이행
2012,승용차,보행자,안전운전 의무 불이행
2012,승용차,없음,안전운전 의무 불이행
2012,승용차,보행자,안전운전 의무 불이행
2012,승용차,보행자,안전운전 의무 불이행
2012,건설기계,보행자,안전운전 의무 불이행
2012,승용차,없음,안전운전 의무 불이행
2012,승합차,승용차,안전운전 의무 불이행
2012,승합차,보행자,안전운전 의무 불이행
2012,승용차,승용차,안전운전 의무 불이행
2012,자전거,승합차,안전운전 의무 불이행
2012,승합차,보행자,안전운전 의무 불이행
2012,승합차,보행자,보행자 보호의무 위반
2012,화물차,보행자,안전운전 의무 불이행
2012,승용차,보행자,과속
2012,승용차,화물차,중앙선침범
2012,승용차,없음,안전운전 의무 불이행
2012,원동기장치자전거,보행자,안전운전 의무 불이행
2012,자전거,승용차,중앙선침범
2012,원동기장치자전거,승용차,신호위반
2012,화물차,보행자,안전운전 의무 불이행
2012,승합차,보행자,안전운전 의무 불이행
2012,승용차,보행자,안전운전 의무 불이행
2012,승용차,보행자,신호위반
2012,승합차,보행자,안전운전 의무 불이행
2012,불명,승용차,안전운전 의무 불이행
2012,승용차,화물차,안전운전 의무 불이행
2012,자전거,보행자,안전운전 의무 불이행
2012,승용차,보행자,안전운전 의무 불이행
2012,건설기계,보행자,안전운전 의무 불이행
2012,승용차,이륜차,안전거리미확보
2012,승용차,보행자,안전운전 의무 불이행
2012,승용차,보행자,기타
2012,승합차,보행자,보행자 보호의무 위반
2012,승용차,보행자,안전운전 의무 불이행
2012,승용차,보행자,안전운전 의무 불이행
2012,승용차,보행자,과속
2012,건설기계,보행자,안전운전 의무 불이행
2012,이륜차,보행자,안전운전 의무 불이행
2012,화물차,보행자,신호위반
2012,화물차,보행자,안전운전 의무 불이행
2012,승용차,보행자,보행자 보호의무 위반
2012,승용차,보행자,안전운전 의무 불이행
2012,자전거,자전거,안전운전 의무 불이행
2012,이륜차,승합차,신호위반
2012,승합차,보행자,신호위반
2012,승용차,화물차,안전거리미확보
2012,승합차,보행자,안전운전 의무 불이행
2012,승용차,없음,안전운전 의무 불이행
2012,화물차,화물차,안전운전 의무 불이행
2012,이륜차,화물차,안전운전 의무 불이행
2012,승용차,보행자,안전운전 의무 불이행
2012,화물차,보행자,안전운전 의무 불이행
2012,승용차,보행자,과속
2012,화물차,보행자,안전운전 의무 불이행
2012,승용차,보행자,안전운전 의무 불이행
2012,자전거,승용차,안전운전 의무 불이행
2012,이륜차,화물차,안전운전 의무 불이행
2012,승용차,승합차,안전운전 의무 불이행
2012,승용차,보행자,보행자 보호의무 위반
2012,승용차,농기계,안전운전 의무 불이행
2012,승용차,보행자,안전운전 의무 불이행
2012,승용차,승용차,중앙선침범
2012,자전거,승용차,안전운전 의무 불이행
2012,승용차,보행자,안전운전 의무 불이행
2012,승합차,보행자,안전운전 의무 불이행
2012,이륜차,없음,안전운전 의무 불이행
2012,승용차,보행자,안전운전 의무 불이행
2012,이륜차,보행자,중앙선침범
2012,이륜차,없음,안전운전 의무 불이행
2012,승합차,보행자,안전운전 의무 불이행
2012,승용차,이륜차,신호위반
2012,자전거,승용차,안전운전 의무 불이행
2012,이륜차,없음,안전운전 의무 불이행
2012,승용차,보행자,보행자 보호의무 위반
2012,화물차,보행자,안전운전 의무 불이행
2012,화물차,보행자,안전운전 의무 불이행
2012,승용차,승합차,안전운전 의무 불이행
2012,승용차,없음,안전운전 의무 불이행
2012,자전거,승합차,안전운전 의무 불이행
2012,승용차,보행자,안전운전 의무 불이행
2012,승용차,보행자,안전운전 의무 불이행
2012,화물차,보행자,안전운전 의무 불이행
2012,이륜차,없음,안전운전 의무 불이행
2012,승용차,승합차,신호위반
2012,화물차,보행자,안전운전 의무 불이행
2012,승용차,보행자,안전운전 의무 불이행
2012,승용차,승용차,안전거리미확보
2012,승용차,승합차,안전운전 의무 불이행
2012,승용차,보행자,안전운전 의무 불이행
2012,승용차,보행자,안전운전 의무 불이행
2012,승용차,보행자,안전운전 의무 불이행
2012,화물차,보행자,신호위반
2013,승용차,보행자,안전운전 의무 불이행
2013,승용차,보행자,안전운전 의무 불이행
2013,승합차,보행자,안전운전 의무 불이행
2013,승용차,보행자,안전운전 의무 불이행
2013,승합차,없음,안전운전 의무 불이행
2013,이륜차,없음,안전운전 의무 불이행
2013,승용차,보행자,안전운전 의무 불이행
2013,승용차,보행자,안전운전 의무 불이행
2013,승용차,보행자,안전운전 의무 불이행
2013,승용차,보행자,안전운전 의무 불이행
2013,승용차,보행자,안전운전 의무 불이행
2013,승합차,보행자,안전운전 의무 불이행
2013,승용차,보행자,신호위반
2013,승용차,보행자,안전운전 의무 불이행
2013,승용차,보행자,안전운전 의무 불이행
2013,화물차,보행자,기타
2013,승용차,보행자,안전운전 의무 불이행
2013,승용차,보행자,안전운전 의무 불이행
2013,승용차,보행자,안전운전 의무 불이행
2013,이륜차,승합차,안전거리미확보
2013,승용차,보행자,안전운전 의무 불이행
2013,승합차,보행자,안전운전 의무 불이행
2013,승용차,승용차,안전거리미확보
2013,이륜차,없음,안전운전 의무 불이행
2013,승용차,보행자,보행자 보호의무 위반
2013,승용차,보행자,기타
2013,이륜차,보행자,안전운전 의무 불이행
2013,승용차,승합차,중앙선침범
2013,원동기장치자전거,없음,안전운전 의무 불이행
2013,이륜차,없음,기타
2013,승용차,보행자,중앙선침범
2013,이륜차,없음,과속
2013,승용차,이륜차,안전거리미확보
2013,이륜차,이륜차,기타
2013,승합차,없음,기타
2013,승용차,화물차,안전거리미확보
2013,승용차,보행자,안전운전 의무 불이행
2013,원동기장치자전거,없음,안전운전 의무 불이행
2013,승합차,보행자,안전운전 의무 불이행
2013,승합차,보행자,신호위반
2013,승용차,보행자,보행자 보호의무 위반
2013,승용차,보행자,안전운전 의무 불이행
2013,승용차,화물차,안전운전 의무 불이행
2013,승용차,없음,안전운전 의무 불이행
2013,이륜차,없음,안전운전 의무 불이행
2013,승용차,보행자,안전운전 의무 불이행
2013,승용차,이륜차,신호위반
2013,이륜차,승합차,중앙선침범
2013,화물차,보행자,안전운전 의무 불이행
2013,승용차,보행자,안전운전 의무 불이행
2013,화물차,자전거,교차로 통행방법 위반
2013,화물차,자전거,안전운전 의무 불이행
2013,승합차,보행자,안전운전 의무 불이행
2013,승용차,보행자,안전운전 의무 불이행
2013,승용차,보행자,보행자 보호의무 위반
2013,승용차,보행자,안전운전 의무 불이행
2013,승용차,보행자,안전운전 의무 불이행
2013,이륜차,화물차,신호위반
2013,화물차,보행자,안전운전 의무 불이행
2013,승용차,보행자,안전운전 의무 불이행
2013,이륜차,보행자,안전운전 의무 불이행
2013,승합차,보행자,안전운전 의무 불이행
2013,이륜차,없음,안전운전 의무 불이행
2013,승용차,보행자,안전운전 의무 불이행
2013,건설기계,보행자,신호위반
2013,승합차,보행자,보행자 보호의무 위반
2013,승용차,보행자,안전운전 의무 불이행
2013,화물차,보행자,신호위반
2013,승합차,보행자,안전운전 의무 불이행
2013,화물차,보행자,신호위반
2013,승합차,보행자,안전운전 의무 불이행
2013,승용차,원동기장치자전거,기타
2013,승용차,보행자,보행자 보호의무 위반
2013,자전거,승용차,신호위반
2013,화물차,보행자,보행자 보호의무 위반
2013,승용차,보행자,안전운전 의무 불이행
2013,자전거,승용차,신호위반
2013,승합차,보행자,안전운전 의무 불이행
2013,원동기장치자전거,승용차,신호위반
2013,승합차,보행자,안전운전 의무 불이행
2013,화물차,보행자,안전운전 의무 불이행
2013,이륜차,없음,안전운전 의무 불이행
2013,불명,이륜차,중앙선침범
2013,승합차,보행자,안전운전 의무 불이행
2013,이륜차,보행자,안전운전 의무 불이행
2013,이륜차,승용차,안전운전 의무 불이행
2013,승용차,보행자,안전운전 의무 불이행
2013,건설기계,보행자,중앙선침범
2013,승합차,보행자,안전운전 의무 불이행
2013,승합차,보행자,안전운전 의무 불이행
2013,승용차,승합차,안전운전 의무 불이행
2013,이륜차,없음,안전운전 의무 불이행
2013,승용차,보행자,과속
2013,승용차,보행자,안전운전 의무 불이행
2013,승용차,보행자,안전운전 의무 불이행
2013,특수차,보행자,안전운전 의무 불이행
2013,원동기장치자전거,없음,안전운전 의무 불이행
2013,화물차,보행자,안전운전 의무 불이행
2013,승용차,보행자,안전운전 의무 불이행
2013,승용차,없음,안전운전 의무 불이행
2013,이륜차,승용차,신호위반
2013,승용차,보행자,안전운전 의무 불이행
2013,승용차,보행자,안전운전 의무 불이행
2013,이륜차,승용차,안전거리미확보
2013,승용차,보행자,안전운전 의무 불이행
2013,승용차,없음,안전운전 의무 불이행
2013,승용차,화물차,안전운전 의무 불이행
2013,승용차,보행자,안전운전 의무 불이행
2013,승용차,보행자,안전운전 의무 불이행
2013,화물차,보행자,안전운전 의무 불이행
2013,화물차,보행자,안전운전 의무 불이행
2013,승용차,보행자,안전운전 의무 불이행
2013,승용차,보행자,안전운전 의무 불이행
2013,승합차,보행자,안전운전 의무 불이행
2013,승용차,보행자,안전운전 의무 불이행
2013,이륜차,화물차,안전운전 의무 불이행
2013,원동기장치자전거,건설기계,안전운전 의무 불이행
2013,이륜차,없음,안전운전 의무 불이행
2013,이륜차,보행자,신호위반
2013,승용차,승용차,중앙선침범
2013,승용차,화물차,안전운전 의무 불이행
2013,승용차,보행자,안전운전 의무 불이행
2013,승합차,보행자,안전운전 의무 불이행
2013,승용차,승용차,중앙선침범
2013,승용차,보행자,안전운전 의무 불이행
2013,승합차,보행자,안전운전 의무 불이행
2013,승용차,화물차,안전운전 의무 불이행
2013,승합차,보행자,안전운전 의무 불이행
2013,원동기장치자전거,없음,안전운전 의무 불이행
2013,건설기계,보행자,보행자 보호의무 위반
2013,승합차,보행자,안전운전 의무 불이행
2013,승합차,승용차,안전운전 의무 불이행
2013,승합차,보행자,안전운전 의무 불이행
2013,승용차,승용차,중앙선침범
2013,원동기장치자전거,화물차,안전운전 의무 불이행
2013,화물차,보행자,안전거리미확보
2013,승용차,보행자,안전운전 의무 불이행
2013,승용차,보행자,안전운전 의무 불이행
2013,승용차,승합차,안전거리미확보
2013,승용차,보행자,안전운전 의무 불이행
2013,승용차,보행자,안전운전 의무 불이행
2013,승용차,보행자,안전운전 의무 불이행
2013,자전거,승합차,안전운전 의무 불이행
2013,원동기장치자전거,승용차,신호위반
2013,승용차,없음,안전운전 의무 불이행
2013,이륜차,승합차,신호위반
2013,승용차,보행자,안전운전 의무 불이행
2013,건설기계,보행자,보행자 보호의무 위반
2013,화물차,보행자,안전운전 의무 불이행
2013,건설기계,보행자,안전운전 의무 불이행
2013,승용차,보행자,안전운전 의무 불이행
2013,화물차,이륜차,중앙선침범
2013,승용차,승용차,안전운전 의무 불이행
2013,화물차,이륜차,안전운전 의무 불이행
2013,승용차,보행자,과속
2013,승합차,보행자,신호위반
2013,승합차,화물차,안전운전 의무 불이행
2013,승용차,보행자,안전운전 의무 불이행
2013,화물차,보행자,안전운전 의무 불이행
2013,승용차,보행자,안전운전 의무 불이행
2013,이륜차,없음,안전운전 의무 불이행
2013,승용차,보행자,신호위반
2013,화물차,보행자,안전운전 의무 불이행
2013,화물차,보행자,안전운전 의무 불이행
2013,승용차,보행자,안전운전 의무 불이행
2013,승용차,이륜차,중앙선침범
2013,승용차,승합차,안전거리미확보
2013,승합차,보행자,신호위반
2013,승합차,자전거,신호위반
2013,승합차,보행자,보행자 보호의무 위반
2013,화물차,보행자,안전운전 의무 불이행
2013,불명,보행자,안전운전 의무 불이행
2013,화물차,보행자,안전운전 의무 불이행
2013,이륜차,승용차,안전거리미확보
2013,승용차,보행자,안전운전 의무 불이행
2013,자전거,없음,안전운전 의무 불이행
2013,자전거,승용차,안전운전 의무 불이행
2013,승용차,보행자,과속
2013,승용차,보행자,안전운전 의무 불이행
2013,자전거,없음,기타
2013,화물차,보행자,보행자 보호의무 위반
2013,원동기장치자전거,승용차,안전운전 의무 불이행
2013,원동기장치자전거,승용차,안전운전 의무 불이행
2013,원동기장치자전거,승합차,신호위반
2013,건설기계,보행자,안전운전 의무 불이행
2013,화물차,보행자,안전운전 의무 불이행
2013,승합차,보행자,안전운전 의무 불이행
2013,승합차,보행자,신호위반
2013,승용차,보행자,안전운전 의무 불이행
2013,승합차,보행자,안전운전 의무 불이행
2013,승용차,승합차,과속
2013,승용차,보행자,안전운전 의무 불이행
2013,원동기장치자전거,승용차,중앙선침범
2013,승용차,승용차,안전운전 의무 불이행
2013,승합차,보행자,안전운전 의무 불이행
2013,승합차,보행자,보행자 보호의무 위반
2013,승합차,보행자,기타
2013,승용차,보행자,안전운전 의무 불이행
2013,승용차,보행자,안전운전 의무 불이행
2013,승용차,보행자,안전운전 의무 불이행
2013,승용차,보행자,안전운전 의무 불이행
2013,승용차,보행자,안전운전 의무 불이행
2013,승용차,보행자,안전운전 의무 불이행
2013,승용차,보행자,안전운전 의무 불이행
2013,승용차,보행자,안전운전 의무 불이행
2013,이륜차,없음,안전운전 의무 불이행
2013,건설기계,자전거,안전운전 의무 불이행
2013,승용차,보행자,안전운전 의무 불이행
2013,승용차,보행자,안전운전 의무 불이행
2013,이륜차,화물차,안전운전 의무 불이행
2013,승용차,보행자,안전운전 의무 불이행
2013,승용차,원동기장치자전거,과속
2013,화물차,보행자,안전운전 의무 불이행
2013,원동기장치자전거,보행자,안전운전 의무 불이행
2013,승용차,이륜차,안전운전 의무 불이행
2013,승용차,보행자,과속
2013,승합차,보행자,신호위반
2013,승용차,보행자,안전운전 의무 불이행
2013,승용차,이륜차,신호위반
2013,승용차,보행자,안전운전 의무 불이행
2013,화물차,보행자,안전운전 의무 불이행
2013,이륜차,보행자,신호위반
2013,승합차,보행자,안전운전 의무 불이행
2013,승용차,보행자,안전운전 의무 불이행
2013,승용차,이륜차,안전운전 의무 불이행
2013,승용차,승용차,안전운전 의무 불이행
2013,승용차,불명,안전거리미확보
2013,이륜차,보행자,신호위반
2013,승합차,보행자,안전운전 의무 불이행
2013,승용차,승용차,중앙선침범
2013,승용차,이륜차,신호위반
2013,승용차,보행자,신호위반
2013,승합차,보행자,안전운전 의무 불이행
2013,승용차,보행자,안전운전 의무 불이행
2013,승용차,승용차,안전운전 의무 불이행
2013,이륜차,없음,안전운전 의무 불이행
2013,승합차,보행자,안전운전 의무 불이행
2013,화물차,보행자,안전운전 의무 불이행
2013,승용차,이륜차,교차로 통행방법 위반
2013,승용차,승용차,안전운전 의무 불이행
2013,승용차,보행자,안전운전 의무 불이행
2013,승합차,보행자,안전운전 의무 불이행
2013,승용차,보행자,안전운전 의무 불이행
2013,승용차,승합차,중앙선침범
2013,승용차,원동기장치자전거,안전운전 의무 불이행
2013,승용차,보행자,중앙선침범
2013,불명,화물차,안전운전 의무 불이행
2013,승용차,보행자,안전운전 의무 불이행
2013,이륜차,없음,안전운전 의무 불이행
2013,화물차,화물차,안전운전 의무 불이행
2013,승용차,보행자,안전운전 의무 불이행
2013,승합차,보행자,안전운전 의무 불이행
2013,승용차,승용차,안전운전 의무 불이행
2013,이륜차,승용차,안전운전 의무 불이행
2013,승용차,보행자,안전운전 의무 불이행
2013,승합차,자전거,안전운전 의무 불이행
2013,승용차,보행자,과속
2013,승용차,보행자,안전운전 의무 불이행
2013,승용차,없음,안전운전 의무 불이행
2013,승용차,화물차,안전운전 의무 불이행
2013,화물차,보행자,안전운전 의무 불이행
2013,자전거,자전거,안전운전 의무 불이행
2013,이륜차,없음,안전운전 의무 불이행
2013,승용차,보행자,안전운전 의무 불이행
2013,승용차,없음,안전운전 의무 불이행
2013,승용차,화물차,안전운전 의무 불이행
2013,이륜차,없음,안전운전 의무 불이행
2013,승용차,없음,안전운전 의무 불이행
2013,승용차,보행자,안전운전 의무 불이행
2013,화물차,보행자,안전운전 의무 불이행
2013,화물차,보행자,안전운전 의무 불이행
2013,화물차,보행자,안전운전 의무 불이행
2013,이륜차,승용차,신호위반
2013,승용차,보행자,안전운전 의무 불이행
2013,승용차,보행자,기타
2013,승용차,자전거,안전운전 의무 불이행
2013,승용차,보행자,안전운전 의무 불이행
2013,자전거,승합차,안전운전 의무 불이행
2013,불명,보행자,보행자 보호의무 위반
2013,승용차,승용차,신호위반
2013,승용차,자전거,안전거리미확보
2013,화물차,승용차,안전운전 의무 불이행
2013,이륜차,승용차,신호위반
2013,화물차,화물차,안전운전 의무 불이행
2013,승용차,보행자,안전운전 의무 불이행
2013,자전거,승용차,안전운전 의무 불이행
2013,승용차,없음,안전운전 의무 불이행
2013,이륜차,승합차,안전운전 의무 불이행
2013,승합차,승용차,안전운전 의무 불이행
2013,승용차,승합차,안전거리미확보
2013,승용차,화물차,안전거리미확보
2013,승용차,승용차,안전운전 의무 불이행
2013,승합차,보행자,안전운전 의무 불이행
2013,화물차,승합차,안전운전 의무 불이행
2013,원동기장치자전거,이륜차,안전거리미확보
2013,승용차,승합차,안전운전 의무 불이행
2013,승합차,보행자,신호위반
2013,이륜차,보행자,과속
2013,승용차,승합차,안전운전 의무 불이행
2013,이륜차,없음,안전운전 의무 불이행
2013,승용차,승용차,안전운전 의무 불이행
2013,승합차,승용차,안전운전 의무 불이행
2013,승합차,보행자,안전운전 의무 불이행
2013,승용차,보행자,보행자 보호의무 위반
2013,승용차,보행자,안전운전 의무 불이행
2013,승합차,보행자,보행자 보호의무 위반
2013,자전거,승합차,안전운전 의무 불이행
2013,승용차,승용차,중앙선침범
2013,이륜차,없음,안전운전 의무 불이행
2013,자전거,승합차,안전운전 의무 불이행
2013,승용차,보행자,안전운전 의무 불이행
2013,승용차,보행자,안전운전 의무 불이행
2013,승용차,보행자,보행자 보호의무 위반
2013,화물차,자전거,안전운전 의무 불이행
2013,승용차,보행자,안전운전 의무 불이행
2013,이륜차,없음,안전운전 의무 불이행
2013,자전거,승용차,안전운전 의무 불이행
2013,승용차,이륜차,과속
2013,승용차,자전거,신호위반
2013,승용차,화물차,신호위반
2013,원동기장치자전거,승용차,안전운전 의무 불이행
2013,이륜차,화물차,신호위반
2013,화물차,보행자,안전운전 의무 불이행
2013,화물차,보행자,안전운전 의무 불이행
2013,이륜차,없음,안전운전 의무 불이행
2013,승용차,자전거,안전운전 의무 불이행
2013,승용차,보행자,안전운전 의무 불이행
2013,승합차,보행자,신호위반
2013,승합차,보행자,안전운전 의무 불이행
2013,승용차,보행자,안전운전 의무 불이행
2013,승용차,화물차,안전운전 의무 불이행
2013,화물차,보행자,중앙선침범
2013,특수차,보행자,안전운전 의무 불이행
2013,화물차,보행자,안전운전 의무 불이행
2013,승용차,승용차,중앙선침범
2013,원동기장치자전거,승용차,신호위반
2013,원동기장치자전거,없음,안전운전 의무 불이행
2013,이륜차,없음,안전운전 의무 불이행
2013,승용차,특수차,안전운전 의무 불이행
2013,승용차,없음,안전운전 의무 불이행
2013,승용차,보행자,안전운전 의무 불이행
2013,승용차,승용차,신호위반
2013,승용차,보행자,안전운전 의무 불이행
2013,승용차,없음,안전운전 의무 불이행
2013,화물차,보행자,과속
2013,승용차,원동기장치자전거,신호위반
2013,승용차,건설기계,안전운전 의무 불이행
2013,자전거,승용차,중앙선침범
2013,승용차,보행자,과속
2013,승용차,자전거,안전운전 의무 불이행
2013,화물차,원동기장치자전거,안전운전 의무 불이행
2013,승용차,승용차,중앙선침범
2013,승용차,자전거,안전운전 의무 불이행
2013,승용차,없음,안전운전 의무 불이행
2013,승용차,보행자,안전운전 의무 불이행
2013,승용차,보행자,안전운전 의무 불이행
2013,원동기장치자전거,승용차,안전거리미확보
2013,승용차,보행자,신호위반
2013,승용차,보행자,안전운전 의무 불이행
2013,승합차,보행자,안전운전 의무 불이행
2013,승용차,보행자,안전운전 의무 불이행
2013,원동기장치자전거,보행자,과속
2013,화물차,보행자,안전운전 의무 불이행
2013,승용차,화물차,안전운전 의무 불이행
2013,건설기계,보행자,보행자 보호의무 위반
2013,승용차,보행자,안전운전 의무 불이행
2013,승용차,보행자,안전운전 의무 불이행
2013,승합차,보행자,안전운전 의무 불이행
2013,자전거,보행자,안전운전 의무 불이행
2013,승용차,보행자,안전운전 의무 불이행
2013,승용차,보행자,안전운전 의무 불이행
2013,이륜차,없음,안전운전 의무 불이행
2014,승합차,자전거,안전운전 의무 불이행
2014,자전거,승용차,기타
2014,화물차,보행자,안전운전 의무 불이행
2014,승용차,보행자,안전운전 의무 불이행
2014,건설기계,보행자,보행자 보호의무 위반
2014,이륜차,없음,안전운전 의무 불이행
2014,승용차,보행자,안전운전 의무 불이행
2014,승용차,보행자,안전운전 의무 불이행
2014,화물차,보행자,신호위반
2014,건설기계,보행자,안전운전 의무 불이행
2014,승용차,승용차,중앙선침범
2014,자전거,승용차,신호위반
2014,승용차,보행자,안전운전 의무 불이행
2014,승용차,이륜차,신호위반
2014,승합차,승용차,안전운전 의무 불이행
2014,화물차,특수차,안전운전 의무 불이행
2014,승용차,승용차,중앙선침범
2014,원동기장치자전거,없음,안전운전 의무 불이행
2014,승용차,보행자,과속
2014,이륜차,승용차,신호위반
2014,승용차,승용차,과속
2014,승용차,보행자,과속
2014,이륜차,승용차,신호위반
2014,이륜차,없음,안전운전 의무 불이행
2014,승용차,보행자,보행자 보호의무 위반
2014,건설기계,승용차,안전운전 의무 불이행
2014,화물차,화물차,안전운전 의무 불이행
2014,승용차,보행자,안전운전 의무 불이행
2014,이륜차,없음,안전운전 의무 불이행
2014,이륜차,이륜차,안전운전 의무 불이행
2014,이륜차,화물차,안전운전 의무 불이행
2014,승용차,화물차,안전운전 의무 불이행
2014,원동기장치자전거,없음,안전운전 의무 불이행
2014,승용차,없음,안전운전 의무 불이행
2014,자전거,보행자,안전운전 의무 불이행
2014,승용차,승용차,안전운전 의무 불이행
2014,승용차,보행자,안전운전 의무 불이행
2014,화물차,보행자,신호위반
2014,승용차,보행자,안전운전 의무 불이행
2014,화물차,보행자,안전운전 의무 불이행
2014,화물차,보행자,안전운전 의무 불이행
2014,승용차,보행자,안전운전 의무 불이행
2014,승용차,승합차,안전운전 의무 불이행
2014,승용차,화물차,안전운전 의무 불이행
2014,원동기장치자전거,보행자,안전운전 의무 불이행
2014,승용차,보행자,안전운전 의무 불이행
2014,승용차,보행자,안전운전 의무 불이행
2014,승용차,보행자,안전운전 의무 불이행
2014,화물차,보행자,안전운전 의무 불이행
2014,자전거,승용차,안전거리미확보
2014,원동기장치자전거,승용차,신호위반
2014,승용차,보행자,안전운전 의무 불이행
2014,승용차,원동기장치자전거,신호위반
2014,승용차,보행자,안전운전 의무 불이행
2014,원동기장치자전거,없음,안전운전 의무 불이행
2014,이륜차,보행자,안전운전 의무 불이행
2014,이륜차,없음,안전운전 의무 불이행
2014,이륜차,없음,안전운전 의무 불이행
2014,승용차,보행자,안전운전 의무 불이행
2014,승용차,보행자,신호위반
2014,승용차,보행자,안전운전 의무 불이행
2014,이륜차,승합차,안전운전 의무 불이행
2014,불명,화물차,안전운전 의무 불이행
2014,승용차,보행자,안전운전 의무 불이행
2014,승용차,보행자,안전운전 의무 불이행
2014,원동기장치자전거,화물차,안전운전 의무 불이행
2014,승용차,보행자,안전운전 의무 불이행
2014,화물차,보행자,기타
2014,승용차,이륜차,중앙선침범
2014,승용차,보행자,과속
2014,화물차,보행자,안전운전 의무 불이행
2014,원동기장치자전거,없음,안전운전 의무 불이행
2014,이륜차,승용차,안전운전 의무 불이행
2014,건설기계,보행자,중앙선침범
2014,승용차,이륜차,중앙선침범
2014,승용차,보행자,안전운전 의무 불이행
2014,이륜차,화물차,안전운전 의무 불이행
2014,승용차,없음,안전운전 의무 불이행
2014,승용차,보행자,기타
2014,자전거,승용차,신호위반
2014,승합차,보행자,안전운전 의무 불이행
2014,승용차,보행자,안전운전 의무 불이행
2014,승용차,보행자,안전운전 의무 불이행
2014,원동기장치자전거,보행자,안전운전 의무 불이행
2014,화물차,보행자,안전운전 의무 불이행
2014,건설기계,보행자,안전운전 의무 불이행
2014,승합차,보행자,신호위반
2014,승용차,보행자,안전운전 의무 불이행
2014,원동기장치자전거,승합차,신호위반
2014,화물차,보행자,안전운전 의무 불이행
2014,승용차,보행자,과속
2014,불명,자전거,안전운전 의무 불이행
2014,화물차,보행자,안전운전 의무 불이행
2014,승합차,자전거,안전운전 의무 불이행
2014,승용차,보행자,안전운전 의무 불이행
2014,승용차,이륜차,신호위반
2014,승용차,보행자,보행자 보호의무 위반
2014,이륜차,보행자,보행자 보호의무 위반
2014,승합차,보행자,안전운전 의무 불이행
2014,승합차,보행자,안전운전 의무 불이행
2014,이륜차,승합차,중앙선침범
2014,승용차,승용차,안전운전 의무 불이행
2014,승합차,보행자,안전운전 의무 불이행
2014,자전거,승합차,기타
2014,승용차,승용차,중앙선침범
2014,특수차,보행자,안전운전 의무 불이행
2014,승용차,화물차,안전운전 의무 불이행
2014,승합차,보행자,안전운전 의무 불이행
2014,이륜차,승용차,중앙선침범
2014,승용차,이륜차,중앙선침범
2014,원동기장치자전거,승합차,중앙선침범
2014,승용차,보행자,안전운전 의무 불이행
2014,승합차,보행자,안전운전 의무 불이행
2014,이륜차,없음,안전운전 의무 불이행
2014,자전거,승합차,안전운전 의무 불이행
2014,승용차,보행자,안전운전 의무 불이행
2014,승합차,건설기계,안전운전 의무 불이행
2014,화물차,보행자,안전운전 의무 불이행
2014,승용차,보행자,과속
2014,화물차,보행자,안전운전 의무 불이행
2014,승합차,보행자,안전운전 의무 불이행
2014,승합차,보행자,안전운전 의무 불이행
2014,승용차,없음,안전운전 의무 불이행
2014,승용차,보행자,보행자 보호의무 위반
2014,이륜차,승용차,신호위반
2014,승용차,보행자,안전운전 의무 불이행
2014,승합차,이륜차,신호위반
2014,화물차,보행자,안전운전 의무 불이행
2014,승용차,없음,안전거리미확보
2014,승용차,승용차,안전운전 의무 불이행
2014,자전거,자전거,안전운전 의무 불이행
2014,승용차,보행자,안전운전 의무 불이행
2014,승용차,보행자,안전운전 의무 불이행
2014,승용차,보행자,안전운전 의무 불이행
2014,승합차,보행자,안전운전 의무 불이행
2014,승합차,보행자,안전운전 의무 불이행
2014,자전거,승용차,안전운전 의무 불이행
2014,이륜차,승용차,안전운전 의무 불이행
2014,승용차,보행자,안전운전 의무 불이행
2014,승용차,보행자,안전운전 의무 불이행
2014,승합차,보행자,신호위반
2014,승합차,화물차,안전운전 의무 불이행
2014,승합차,보행자,안전운전 의무 불이행
2014,승용차,화물차,중앙선침범
2014,승합차,보행자,안전운전 의무 불이행
2014,화물차,보행자,보행자 보호의무 위반
2014,승합차,자전거,신호위반
2014,승합차,보행자,안전운전 의무 불이행
2014,승용차,승용차,신호위반
2014,승용차,원동기장치자전거,안전운전 의무 불이행
2014,자전거,승합차,기타
2014,원동기장치자전거,승합차,안전운전 의무 불이행
2014,승용차,이륜차,신호위반
2014,원동기장치자전거,승합차,안전운전 의무 불이행
2014,승용차,보행자,안전운전 의무 불이행
2014,승용차,보행자,안전운전 의무 불이행
2014,화물차,자전거,안전운전 의무 불이행
2014,화물차,보행자,안전운전 의무 불이행
2014,자전거,승합차,안전운전 의무 불이행
2014,승합차,보행자,안전운전 의무 불이행
2014,원동기장치자전거,없음,안전운전 의무 불이행
2014,이륜차,승합차,안전운전 의무 불이행
2014,승용차,보행자,안전운전 의무 불이행
2014,이륜차,승용차,신호위반
2014,승합차,이륜차,신호위반
2014,승합차,원동기장치자전거,안전운전 의무 불이행
2014,승용차,보행자,안전운전 의무 불이행
2014,승합차,보행자,안전운전 의무 불이행
2014,승용차,보행자,안전운전 의무 불이행
2014,승용차,없음,안전운전 의무 불이행
2014,이륜차,보행자,안전운전 의무 불이행
2014,승합차,보행자,안전운전 의무 불이행
2014,화물차,보행자,안전운전 의무 불이행
2014,승합차,보행자,안전운전 의무 불이행
2014,승용차,보행자,안전운전 의무 불이행
2014,승합차,보행자,안전운전 의무 불이행
2014,승용차,보행자,과속
2014,승용차,승용차,중앙선침범
2014,승용차,승용차,과속
2014,건설기계,보행자,보행자 보호의무 위반
2014,승합차,원동기장치자전거,신호위반
2014,자전거,승용차,안전거리미확보
2014,승용차,보행자,안전운전 의무 불이행
2014,화물차,자전거,안전운전 의무 불이행
2014,화물차,승용차,안전운전 의무 불이행
2014,승합차,보행자,안전운전 의무 불이행
2014,승용차,보행자,안전운전 의무 불이행
2014,승용차,보행자,신호위반
2014,승용차,승용차,과속
2014,승용차,보행자,안전운전 의무 불이행
2014,승용차,보행자,안전운전 의무 불이행
2014,승용차,보행자,안전운전 의무 불이행
2014,화물차,원동기장치자전거,안전운전 의무 불이행
2014,승용차,승용차,안전운전 의무 불이행
2014,승합차,보행자,신호위반
2014,원동기장치자전거,화물차,기타
2014,화물차,보행자,안전운전 의무 불이행
2014,승합차,보행자,안전운전 의무 불이행
2014,승용차,보행자,안전운전 의무 불이행
2014,승용차,승용차,신호위반
2014,승합차,보행자,안전운전 의무 불이행
2014,자전거,승용차,기타
2014,승합차,보행자,안전운전 의무 불이행
2014,승용차,보행자,안전운전 의무 불이행
2014,승용차,승용차,안전운전 의무 불이행
2014,승용차,보행자,안전운전 의무 불이행
2014,이륜차,보행자,안전운전 의무 불이행
2014,화물차,보행자,안전운전 의무 불이행
2014,승용차,보행자,안전운전 의무 불이행
2014,승용차,보행자,안전운전 의무 불이행
2014,승용차,보행자,안전운전 의무 불이행
2014,승용차,보행자,안전운전 의무 불이행
2014,승용차,보행자,안전운전 의무 불이행
2014,원동기장치자전거,없음,안전운전 의무 불이행
2014,승용차,없음,과속
2014,자전거,보행자,신호위반
2014,승용차,보행자,안전운전 의무 불이행
2014,승합차,보행자,안전운전 의무 불이행
2014,승용차,보행자,안전운전 의무 불이행
2014,화물차,화물차,안전운전 의무 불이행
2014,화물차,보행자,과속
2014,이륜차,화물차,중앙선침범
2014,승합차,자전거,신호위반
2014,화물차,보행자,안전운전 의무 불이행
2014,승용차,보행자,안전운전 의무 불이행
2014,승합차,보행자,보행자 보호의무 위반
2014,승합차,보행자,안전운전 의무 불이행
2014,화물차,보행자,안전운전 의무 불이행
2014,이륜차,보행자,안전운전 의무 불이행
2014,건설기계,보행자,안전운전 의무 불이행
2014,원동기장치자전거,승용차,안전거리미확보
2014,이륜차,이륜차,안전운전 의무 불이행
2014,화물차,없음,안전운전 의무 불이행
2014,화물차,보행자,안전운전 의무 불이행
2014,승용차,이륜차,중앙선침범
2014,승용차,화물차,안전운전 의무 불이행
2014,화물차,없음,안전운전 의무 불이행
2014,승용차,보행자,기타
2014,승합차,승용차,안전운전 의무 불이행
2014,원동기장치자전거,승용차,신호위반
2014,승용차,보행자,안전운전 의무 불이행
2014,건설기계,승용차,안전운전 의무 불이행
2014,이륜차,없음,안전운전 의무 불이행
2014,이륜차,승용차,신호위반
2014,승합차,보행자,보행자 보호의무 위반
2014,승용차,승용차,중앙선침범
2014,승용차,승용차,안전운전 의무 불이행
2014,승용차,보행자,안전운전 의무 불이행
2014,승용차,이륜차,안전거리미확보
2014,승용차,보행자,안전운전 의무 불이행
2014,승용차,보행자,안전운전 의무 불이행
2014,승용차,승용차,과속
2014,승용차,보행자,안전운전 의무 불이행
2014,화물차,보행자,안전운전 의무 불이행
2014,승용차,보행자,안전운전 의무 불이행
2014,승용차,보행자,보행자 보호의무 위반
2014,승용차,보행자,과속
2014,승용차,보행자,신호위반
2014,승용차,보행자,안전운전 의무 불이행
2014,화물차,보행자,안전운전 의무 불이행
2014,승용차,보행자,안전운전 의무 불이행
2014,승용차,보행자,과속
2014,이륜차,승용차,신호위반
2014,승용차,보행자,과속
2014,승용차,보행자,안전운전 의무 불이행
2014,화물차,보행자,안전운전 의무 불이행
2014,승용차,보행자,안전운전 의무 불이행
2014,자전거,자전거,안전운전 의무 불이행
2014,승용차,자전거,과속
2014,승용차,원동기장치자전거,신호위반
2014,승용차,승용차,중앙선침범
2014,자전거,승용차,안전운전 의무 불이행
2014,승용차,보행자,안전운전 의무 불이행
2014,승용차,보행자,안전운전 의무 불이행
2014,승합차,보행자,안전운전 의무 불이행
2014,화물차,승용차,안전운전 의무 불이행
2014,승용차,보행자,안전운전 의무 불이행
2014,화물차,보행자,안전운전 의무 불이행
2014,승용차,없음,안전운전 의무 불이행
2014,승용차,자전거,안전운전 의무 불이행
2014,화물차,보행자,보행자 보호의무 위반
2014,승용차,보행자,안전운전 의무 불이행
2014,원동기장치자전거,승용차,안전운전 의무 불이행
2014,자전거,승합차,중앙선침범
2014,승용차,화물차,안전거리미확보
2014,승합차,승용차,안전운전 의무 불이행
2014,승용차,보행자,안전운전 의무 불이행
2014,승용차,이륜차,안전운전 의무 불이행
2014,승합차,보행자,안전운전 의무 불이행
2014,화물차,자전거,안전운전 의무 불이행
2014,화물차,보행자,안전운전 의무 불이행
2014,화물차,자전거,안전운전 의무 불이행
2014,승합차,화물차,안전운전 의무 불이행
2014,원동기장치자전거,없음,안전운전 의무 불이행
2014,승용차,보행자,과속
2014,승합차,이륜차,신호위반
2014,건설기계,자전거,안전운전 의무 불이행
2014,화물차,보행자,기타
2014,이륜차,화물차,신호위반
2014,화물차,보행자,안전운전 의무 불이행
2014,승합차,보행자,신호위반
2014,이륜차,승용차,신호위반
2014,승용차,보행자,안전운전 의무 불이행
2014,승용차,보행자,안전운전 의무 불이행
2014,화물차,이륜차,안전거리미확보
2014,승용차,없음,안전운전 의무 불이행
2014,화물차,보행자,안전운전 의무 불이행
2014,승용차,이륜차,교차로 통행방법 위반
2014,승용차,없음,안전운전 의무 불이행
2014,승합차,보행자,안전운전 의무 불이행
2014,승합차,없음,안전운전 의무 불이행
2014,화물차,자전거,안전운전 의무 불이행
2014,화물차,보행자,안전운전 의무 불이행
2014,승용차,보행자,안전운전 의무 불이행
2014,자전거,승용차,중앙선침범
2014,화물차,보행자,안전운전 의무 불이행
2014,승용차,없음,안전운전 의무 불이행
2014,승용차,보행자,안전운전 의무 불이행
2014,화물차,보행자,안전운전 의무 불이행
2014,승용차,화물차,안전운전 의무 불이행
2014,이륜차,보행자,안전운전 의무 불이행
2014,화물차,보행자,안전운전 의무 불이행
2014,승용차,없음,안전운전 의무 불이행
2014,화물차,자전거,안전운전 의무 불이행
2014,화물차,승용차,안전운전 의무 불이행
2014,승용차,승용차,교차로 통행방법 위반
2014,화물차,보행자,안전운전 의무 불이행
2014,원동기장치자전거,승용차,안전운전 의무 불이행
2014,승합차,보행자,안전운전 의무 불이행
2014,승용차,화물차,안전운전 의무 불이행
2014,원동기장치자전거,승용차,중앙선침범
2014,이륜차,이륜차,신호위반
2014,특수차,원동기장치자전거,안전운전 의무 불이행
2014,화물차,승합차,신호위반
2014,승합차,보행자,안전운전 의무 불이행
2014,승용차,보행자,안전운전 의무 불이행
2014,화물차,보행자,안전운전 의무 불이행
2014,승합차,보행자,안전운전 의무 불이행
2014,승용차,승용차,중앙선침범
2014,승용차,없음,안전운전 의무 불이행
2014,승용차,원동기장치자전거,기타
2014,자전거,보행자,안전운전 의무 불이행
2014,승용차,보행자,보행자 보호의무 위반
2014,이륜차,없음,안전운전 의무 불이행
2014,승용차,승용차,중앙선침범
2014,승용차,이륜차,신호위반
2014,승용차,보행자,안전운전 의무 불이행
2014,화물차,보행자,기타
2014,승용차,승용차,신호위반
2014,승용차,보행자,보행자 보호의무 위반
2014,승용차,보행자,안전운전 의무 불이행
2014,화물차,보행자,보행자 보호의무 위반
2014,승합차,보행자,안전운전 의무 불이행
2014,화물차,없음,기타
2014,승용차,원동기장치자전거,신호위반
2014,화물차,보행자,보행자 보호의무 위반
2014,승용차,자전거,안전운전 의무 불이행
2014,승용차,보행자,과속
2014,승용차,보행자,과속
2014,원동기장치자전거,없음,기타
2014,승합차,보행자,안전운전 의무 불이행
2014,승용차,보행자,안전운전 의무 불이행
2014,승용차,원동기장치자전거,기타
2014,승용차,보행자,안전운전 의무 불이행
2014,승합차,보행자,안전운전 의무 불이행
2014,승용차,보행자,과속
2014,승용차,보행자,신호위반
2014,원동기장치자전거,승합차,안전운전 의무 불이행
2014,화물차,자전거,기타
2014,승용차,자전거,기타
2014,건설기계,보행자,보행자 보호의무 위반
2014,화물차,보행자,보행자 보호의무 위반
2014,원동기장치자전거,자전거,안전운전 의무 불이행
2014,화물차,보행자,안전운전 의무 불이행
2014,화물차,보행자,안전운전 의무 불이행
2014,승용차,보행자,안전운전 의무 불이행
2014,승합차,이륜차,안전거리미확보
2014,이륜차,승용차,중앙선침범
2014,승용차,보행자,안전운전 의무 불이행
2014,승합차,보행자,안전운전 의무 불이행
2014,승용차,보행자,과속
2014,화물차,보행자,신호위반
2014,승용차,승용차,안전운전 의무 불이행
2014,화물차,보행자,신호위반
2014,승용차,승용차,중앙선침범
2014,승용차,보행자,안전운전 의무 불이행
2015,승용차,보행자,안전운전 의무 불이행
2015,승합차,보행자,안전운전 의무 불이행
2015,이륜차,보행자,안전운전 의무 불이행
2015,승용차,보행자,안전운전 의무 불이행
2015,승용차,보행자,안전운전 의무 불이행
2015,승용차,보행자,안전운전 의무 불이행
2015,이륜차,없음,안전운전 의무 불이행
2015,승용차,보행자,안전운전 의무 불이행
2015,승용차,보행자,안전운전 의무 불이행
2015,승합차,보행자,안전운전 의무 불이행
2015,승용차,보행자,안전운전 의무 불이행
2015,승합차,보행자,안전운전 의무 불이행
2015,승합차,보행자,안전운전 의무 불이행
2015,화물차,보행자,안전운전 의무 불이행
2015,승용차,보행자,안전운전 의무 불이행
2015,승용차,보행자,안전운전 의무 불이행
2015,승용차,보행자,안전운전 의무 불이행
2015,승용차,없음,신호위반
2015,승용차,승용차,안전운전 의무 불이행
2015,승용차,보행자,과속
2015,건설기계,보행자,안전운전 의무 불이행
2015,불명,승용차,안전운전 의무 불이행
2015,건설기계,보행자,안전운전 의무 불이행
2015,자전거,승용차,신호위반
2015,이륜차,화물차,기타
2015,승용차,보행자,안전운전 의무 불이행
2015,승용차,보행자,안전운전 의무 불이행
2015,승용차,보행자,안전운전 의무 불이행
2015,화물차,보행자,안전운전 의무 불이행
2015,원동기장치자전거,없음,안전운전 의무 불이행
2015,승용차,보행자,안전운전 의무 불이행
2015,승용차,이륜차,안전운전 의무 불이행
2015,승용차,이륜차,안전거리미확보
2015,이륜차,없음,안전운전 의무 불이행
2015,승용차,보행자,안전운전 의무 불이행
2015,승용차,승용차,안전운전 의무 불이행
2015,화물차,자전거,안전운전 의무 불이행
2015,승용차,보행자,안전운전 의무 불이행
2015,이륜차,없음,안전운전 의무 불이행
2015,이륜차,없음,안전운전 의무 불이행
2015,화물차,보행자,안전운전 의무 불이행
2015,승용차,승합차,안전거리미확보
2015,화물차,보행자,보행자 보호의무 위반
2015,이륜차,없음,안전운전 의무 불이행
2015,승용차,승용차,안전운전 의무 불이행
2015,승용차,보행자,안전운전 의무 불이행
2015,이륜차,보행자,안전운전 의무 불이행
2015,승용차,이륜차,안전운전 의무 불이행
2015,승용차,이륜차,신호위반
2015,승용차,자전거,안전운전 의무 불이행
2015,승용차,이륜차,신호위반
2015,승용차,보행자,안전운전 의무 불이행
2015,이륜차,승용차,안전운전 의무 불이행
2015,승용차,보행자,안전운전 의무 불이행
2015,승용차,보행자,안전운전 의무 불이행
2015,건설기계,이륜차,중앙선침범
2015,승합차,보행자,안전운전 의무 불이행
2015,화물차,보행자,안전운전 의무 불이행
2015,승합차,화물차,안전운전 의무 불이행
2015,이륜차,승합차,안전운전 의무 불이행
2015,승용차,보행자,안전운전 의무 불이행
2015,승합차,보행자,안전운전 의무 불이행
2015,승용차,보행자,안전운전 의무 불이행
2015,이륜차,자전거,신호위반
2015,원동기장치자전거,승용차,안전거리미확보
2015,승합차,보행자,안전운전 의무 불이행
2015,승합차,보행자,안전운전 의무 불이행
2015,화물차,보행자,안전운전 의무 불이행
2015,승합차,보행자,기타
2015,불명,승용차,중앙선침범
2015,이륜차,승용차,안전운전 의무 불이행
2015,자전거,없음,안전운전 의무 불이행
2015,승합차,없음,안전운전 의무 불이행
2015,화물차,보행자,안전운전 의무 불이행
2015,승용차,없음,안전운전 의무 불이행
2015,승용차,보행자,안전운전 의무 불이행
2015,이륜차,보행자,안전운전 의무 불이행
2015,이륜차,승용차,신호위반
2015,승용차,보행자,안전운전 의무 불이행
2015,승용차,보행자,안전운전 의무 불이행
2015,승용차,없음,안전운전 의무 불이행
2015,승용차,보행자,기타
2015,원동기장치자전거,보행자,안전운전 의무 불이행
2015,화물차,보행자,안전운전 의무 불이행
2015,특수차,보행자,신호위반
2015,승용차,보행자,안전운전 의무 불이행
2015,승용차,보행자,안전운전 의무 불이행
2015,건설기계,이륜차,안전운전 의무 불이행
2015,승용차,보행자,안전운전 의무 불이행
2015,건설기계,보행자,안전운전 의무 불이행
2015,이륜차,승합차,기타
2015,이륜차,화물차,신호위반
2015,승용차,승용차,안전운전 의무 불이행
2015,승용차,보행자,안전운전 의무 불이행
2015,승용차,보행자,안전운전 의무 불이행
2015,승용차,보행자,신호위반
2015,승용차,보행자,안전운전 의무 불이행
2015,승용차,보행자,과속
2015,승용차,보행자,안전운전 의무 불이행
2015,승용차,보행자,신호위반
2015,승용차,보행자,과속
2015,승합차,보행자,안전운전 의무 불이행
2015,승합차,보행자,안전운전 의무 불이행
2015,승용차,없음,안전운전 의무 불이행
2015,승합차,보행자,안전운전 의무 불이행
2015,화물차,보행자,보행자 보호의무 위반
2015,승용차,없음,안전운전 의무 불이행
2015,원동기장치자전거,승합차,기타
2015,승용차,원동기장치자전거,안전운전 의무 불이행
2015,승합차,보행자,안전운전 의무 불이행
2015,이륜차,원동기장치자전거,중앙선침범
2015,화물차,보행자,안전운전 의무 불이행
2015,화물차,화물차,안전운전 의무 불이행
2015,승용차,화물차,안전운전 의무 불이행
2015,화물차,보행자,안전운전 의무 불이행
2015,이륜차,없음,안전운전 의무 불이행
2015,승용차,보행자,안전운전 의무 불이행
2015,건설기계,보행자,안전운전 의무 불이행
2015,화물차,없음,안전운전 의무 불이행
2015,승용차,승용차,중앙선침범
2015,승용차,없음,안전운전 의무 불이행
2015,이륜차,승용차,안전운전 의무 불이행
2015,원동기장치자전거,보행자,안전운전 의무 불이행
2015,화물차,보행자,보행자 보호의무 위반
2015,승용차,이륜차,안전운전 의무 불이행
2015,승용차,보행자,안전운전 의무 불이행
2015,이륜차,승합차,신호위반
2015,승합차,보행자,안전운전 의무 불이행
2015,승용차,자전거,안전운전 의무 불이행
2015,승합차,보행자,안전운전 의무 불이행
2015,화물차,보행자,안전운전 의무 불이행
2015,승용차,보행자,보행자 보호의무 위반
2015,승용차,보행자,신호위반
2015,자전거,승용차,신호위반
2015,화물차,보행자,신호위반
2015,승합차,보행자,안전운전 의무 불이행
2015,승합차,승합차,신호위반
2015,원동기장치자전거,승합차,신호위반
2015,이륜차,없음,안전운전 의무 불이행
2015,승용차,보행자,기타
2015,원동기장치자전거,없음,안전운전 의무 불이행
2015,승용차,보행자,중앙선침범
2015,승용차,보행자,과속
2015,승합차,보행자,안전운전 의무 불이행
2015,승용차,화물차,안전운전 의무 불이행
2015,화물차,보행자,안전운전 의무 불이행
2015,이륜차,보행자,안전운전 의무 불이행
2015,승합차,보행자,안전거리미확보
2015,승용차,원동기장치자전거,안전운전 의무 불이행
2015,승합차,보행자,안전운전 의무 불이행
2015,자전거,승용차,안전운전 의무 불이행
2015,승합차,보행자,안전운전 의무 불이행
2015,승용차,승용차,기타
2015,승용차,보행자,안전운전 의무 불이행
2015,승용차,보행자,보행자 보호의무 위반
2015,승용차,보행자,안전운전 의무 불이행
2015,승용차,보행자,안전운전 의무 불이행
2015,승용차,보행자,안전운전 의무 불이행
2015,승합차,보행자,안전운전 의무 불이행
2015,승용차,건설기계,안전운전 의무 불이행
2015,승용차,보행자,안전운전 의무 불이행
2015,이륜차,화물차,안전거리미확보
2015,승용차,보행자,안전운전 의무 불이행
2015,승용차,보행자,안전운전 의무 불이행
2015,자전거,화물차,안전운전 의무 불이행
2015,화물차,보행자,보행자 보호의무 위반
2015,승용차,보행자,안전운전 의무 불이행
2015,이륜차,승용차,안전운전 의무 불이행
2015,승용차,자전거,안전운전 의무 불이행
2015,화물차,건설기계,안전운전 의무 불이행
2015,승용차,보행자,보행자 보호의무 위반
2015,승용차,보행자,안전운전 의무 불이행
2015,승용차,보행자,안전운전 의무 불이행
2015,승용차,보행자,신호위반
2015,승용차,보행자,안전운전 의무 불이행
2015,승용차,승용차,안전운전 의무 불이행
2015,특수차,보행자,안전운전 의무 불이행
2015,승용차,보행자,안전운전 의무 불이행
2015,승용차,보행자,안전운전 의무 불이행
2015,승용차,보행자,보행자 보호의무 위반
2015,승용차,보행자,안전운전 의무 불이행
2015,자전거,승용차,신호위반
2015,승용차,보행자,안전운전 의무 불이행
2015,자전거,승용차,기타
2015,승합차,보행자,안전운전 의무 불이행
2015,승용차,보행자,보행자 보호의무 위반
2015,승합차,보행자,안전운전 의무 불이행
2015,승용차,화물차,안전운전 의무 불이행
2015,이륜차,이륜차,신호위반
2015,이륜차,없음,안전운전 의무 불이행
2015,승용차,보행자,안전운전 의무 불이행
2015,이륜차,승합차,중앙선침범
2015,이륜차,없음,안전운전 의무 불이행
2015,승합차,보행자,안전운전 의무 불이행
2015,원동기장치자전거,승합차,안전운전 의무 불이행
2015,승용차,보행자,안전운전 의무 불이행
2015,화물차,보행자,안전운전 의무 불이행
2015,원동기장치자전거,화물차,신호위반
2015,승용차,보행자,과속
2015,이륜차,승용차,신호위반
2015,승용차,보행자,신호위반
2015,승용차,보행자,보행자 보호의무 위반
2015,승용차,보행자,안전운전 의무 불이행
2015,승용차,보행자,안전운전 의무 불이행
2015,승용차,보행자,보행자 보호의무 위반
2015,승용차,보행자,안전운전 의무 불이행
2015,승용차,보행자,안전운전 의무 불이행
2015,승용차,자전거,안전운전 의무 불이행
2015,승용차,보행자,과속
2015,승용차,보행자,안전운전 의무 불이행
2015,승용차,없음,안전운전 의무 불이행
2015,승용차,보행자,중앙선침범
2015,승용차,보행자,신호위반
2015,승용차,보행자,안전운전 의무 불이행
2015,이륜차,없음,안전운전 의무 불이행
2015,이륜차,없음,안전운전 의무 불이행
2015,승용차,승용차,안전운전 의무 불이행
2015,특수차,승용차,안전거리미확보
2015,승합차,보행자,보행자 보호의무 위반
2015,승용차,없음,안전운전 의무 불이행
2015,승용차,보행자,안전운전 의무 불이행
2015,원동기장치자전거,승용차,중앙선침범
2015,승용차,자전거,안전운전 의무 불이행
2015,승용차,보행자,안전운전 의무 불이행
2015,이륜차,승용차,안전운전 의무 불이행
2015,원동기장치자전거,화물차,기타
2015,승용차,보행자,안전운전 의무 불이행
2015,승용차,없음,안전운전 의무 불이행
2015,건설기계,보행자,보행자 보호의무 위반
2015,승용차,보행자,안전운전 의무 불이행
2015,승용차,없음,안전운전 의무 불이행
2015,승용차,승용차,안전운전 의무 불이행
2015,승용차,보행자,안전운전 의무 불이행
2015,승합차,보행자,보행자 보호의무 위반
2015,승합차,보행자,안전운전 의무 불이행
2015,승용차,승용차,안전운전 의무 불이행
2015,화물차,보행자,안전운전 의무 불이행
2015,이륜차,화물차,중앙선침범
2015,화물차,이륜차,신호위반
2015,승용차,보행자,안전운전 의무 불이행
2015,승용차,보행자,과속
2015,불명,승용차,신호위반
2015,승용차,보행자,안전운전 의무 불이행
2015,승합차,보행자,신호위반
2015,승용차,보행자,신호위반
2015,특수차,보행자,안전운전 의무 불이행
2015,이륜차,승용차,안전거리미확보
2015,화물차,보행자,안전운전 의무 불이행
2015,승용차,보행자,안전운전 의무 불이행
2015,승용차,보행자,보행자 보호의무 위반
2015,승용차,보행자,보행자 보호의무 위반
2015,승합차,보행자,안전운전 의무 불이행
2015,이륜차,승용차,신호위반
2015,승합차,보행자,안전운전 의무 불이행
2015,승용차,보행자,과속
2015,승합차,보행자,안전운전 의무 불이행
2015,화물차,자전거,안전운전 의무 불이행
2015,승용차,화물차,안전운전 의무 불이행
2015,승용차,보행자,안전운전 의무 불이행
2015,승용차,이륜차,신호위반
2015,승용차,화물차,신호위반
2015,원동기장치자전거,없음,안전운전 의무 불이행
2015,화물차,건설기계,안전운전 의무 불이행
2015,원동기장치자전거,보행자,안전운전 의무 불이행
2015,승합차,보행자,보행자 보호의무 위반
2015,승용차,보행자,과속
2015,승합차,보행자,안전운전 의무 불이행
2015,승용차,없음,안전운전 의무 불이행
2015,이륜차,없음,안전운전 의무 불이행
2015,승용차,보행자,안전운전 의무 불이행
2015,승용차,없음,안전운전 의무 불이행
2015,화물차,보행자,보행자 보호의무 위반
2015,이륜차,화물차,기타
2015,화물차,승용차,안전운전 의무 불이행
2015,승용차,보행자,기타
2015,승용차,보행자,과속
2015,승용차,승용차,안전운전 의무 불이행
2015,승합차,승합차,안전운전 의무 불이행
2015,화물차,보행자,과속
2015,승합차,보행자,안전운전 의무 불이행
2015,승용차,보행자,신호위반
2015,이륜차,건설기계,안전운전 의무 불이행
2015,화물차,보행자,보행자 보호의무 위반
2015,승용차,승합차,기타
2015,승용차,보행자,보행자 보호의무 위반
2015,승합차,승합차,안전운전 의무 불이행
2015,원동기장치자전거,없음,안전운전 의무 불이행
2015,자전거,화물차,기타
2015,자전거,없음,안전운전 의무 불이행
2015,자전거,승용차,신호위반
2015,화물차,없음,안전운전 의무 불이행
2015,이륜차,없음,안전운전 의무 불이행
2015,승용차,보행자,신호위반
2015,승용차,없음,안전운전 의무 불이행
2015,승용차,보행자,안전운전 의무 불이행
2015,승용차,없음,안전운전 의무 불이행
2015,원동기장치자전거,보행자,안전운전 의무 불이행
2015,승용차,보행자,안전운전 의무 불이행
2015,이륜차,승합차,중앙선침범
2015,승용차,없음,안전운전 의무 불이행
2015,원동기장치자전거,없음,안전운전 의무 불이행
2015,이륜차,화물차,안전운전 의무 불이행
2015,이륜차,이륜차,신호위반
2015,화물차,보행자,안전운전 의무 불이행
2015,승용차,보행자,안전운전 의무 불이행
2015,이륜차,없음,안전운전 의무 불이행
2015,원동기장치자전거,화물차,교차로 통행방법 위반
2015,승합차,보행자,안전운전 의무 불이행
2015,화물차,보행자,보행자 보호의무 위반
2015,이륜차,승용차,신호위반
2015,승용차,이륜차,신호위반
2015,자전거,없음,안전운전 의무 불이행
2015,승용차,보행자,안전운전 의무 불이행
2015,승용차,없음,안전운전 의무 불이행
2015,승용차,보행자,안전운전 의무 불이행
2015,화물차,자전거,안전운전 의무 불이행
2015,승용차,승용차,중앙선침범
2015,자전거,승용차,중앙선침범
2015,자전거,없음,안전운전 의무 불이행
2015,이륜차,없음,안전운전 의무 불이행
2015,승합차,이륜차,중앙선침범
2015,자전거,승용차,안전운전 의무 불이행
2015,자전거,없음,안전운전 의무 불이행
2015,승용차,없음,안전운전 의무 불이행
2015,승합차,보행자,안전운전 의무 불이행
2015,승합차,보행자,안전운전 의무 불이행
2015,건설기계,보행자,안전운전 의무 불이행
2015,승용차,원동기장치자전거,안전운전 의무 불이행
2015,승용차,보행자,안전운전 의무 불이행
2015,승용차,승합차,신호위반
2015,승용차,원동기장치자전거,중앙선침범
2015,승합차,원동기장치자전거,안전거리미확보
2015,이륜차,승합차,안전운전 의무 불이행
2015,승용차,보행자,신호위반
2015,승용차,보행자,보행자 보호의무 위반
2015,승용차,보행자,안전운전 의무 불이행
2015,승합차,승용차,안전운전 의무 불이행
2015,승용차,자전거,안전운전 의무 불이행
2015,승용차,보행자,안전운전 의무 불이행
2015,승용차,보행자,과속
2015,승용차,원동기장치자전거,신호위반
2015,승용차,보행자,안전운전 의무 불이행
2015,승용차,보행자,안전운전 의무 불이행
2015,불명,승용차,안전거리미확보
2015,승용차,없음,안전운전 의무 불이행
2015,승용차,보행자,안전운전 의무 불이행
2015,승용차,보행자,안전운전 의무 불이행
2015,승용차,승합차,신호위반
2015,승용차,보행자,신호위반
2015,승용차,보행자,안전운전 의무 불이행
2015,승용차,원동기장치자전거,안전운전 의무 불이행
2015,원동기장치자전거,승용차,신호위반
2015,승용차,보행자,안전운전 의무 불이행
2015,화물차,보행자,안전운전 의무 불이행
2015,원동기장치자전거,자전거,안전운전 의무 불이행
2015,화물차,보행자,안전운전 의무 불이행
2015,원동기장치자전거,보행자,신호위반
2015,승용차,승용차,신호위반
2015,승용차,자전거,안전운전 의무 불이행
2015,승용차,보행자,안전운전 의무 불이행
2015,승용차,보행자,안전운전 의무 불이행
2015,화물차,보행자,안전운전 의무 불이행
2015,화물차,보행자,안전운전 의무 불이행
2015,승용차,보행자,안전운전 의무 불이행
2015,승용차,보행자,안전운전 의무 불이행
2015,승용차,보행자,안전운전 의무 불이행
2015,승용차,보행자,기타
2015,승합차,없음,안전운전 의무 불이행
2015,승용차,원동기장치자전거,안전운전 의무 불이행
2015,승용차,보행자,보행자 보호의무 위반
2015,승용차,보행자,안전운전 의무 불이행
2016,승합차,보행자,안전운전 의무 불이행
2016,승용차,보행자,안전운전 의무 불이행
2016,이륜차,승용차,안전거리미확보
2016,승용차,이륜차,안전운전 의무 불이행
2016,승용차,보행자,안전운전 의무 불이행
2016,승용차,보행자,안전운전 의무 불이행
2016,건설기계,보행자,안전운전 의무 불이행
2016,승용차,보행자,안전운전 의무 불이행
2016,승용차,보행자,안전운전 의무 불이행
2016,승용차,보행자,안전운전 의무 불이행
2016,이륜차,승용차,신호위반
2016,승용차,보행자,안전운전 의무 불이행
2016,이륜차,이륜차,안전운전 의무 불이행
2016,건설기계,보행자,안전운전 의무 불이행
2016,화물차,보행자,안전운전 의무 불이행
2016,승합차,이륜차,신호위반
2016,승용차,보행자,안전운전 의무 불이행
2016,승용차,승용차,안전거리미확보
2016,승합차,보행자,안전운전 의무 불이행
2016,승용차,승용차,안전운전 의무 불이행
2016,승용차,보행자,안전운전 의무 불이행
2016,승용차,보행자,안전운전 의무 불이행
2016,승용차,보행자,안전운전 의무 불이행
2016,승용차,보행자,안전운전 의무 불이행
2016,화물차,보행자,안전운전 의무 불이행
2016,승합차,보행자,안전운전 의무 불이행
2016,승용차,보행자,안전운전 의무 불이행
2016,승용차,이륜차,과속
2016,원동기장치자전거,승합차,안전운전 의무 불이행
2016,승용차,이륜차,신호위반
2016,승용차,없음,안전운전 의무 불이행
2016,승용차,보행자,안전운전 의무 불이행
2016,승용차,보행자,안전운전 의무 불이행
2016,승용차,보행자,안전운전 의무 불이행
2016,화물차,보행자,안전운전 의무 불이행
2016,이륜차,보행자,안전운전 의무 불이행
2016,승합차,보행자,안전운전 의무 불이행
2016,승용차,보행자,안전운전 의무 불이행
2016,특수차,보행자,보행자 보호의무 위반
2016,건설기계,보행자,안전운전 의무 불이행
2016,승용차,보행자,안전운전 의무 불이행
2016,자전거,없음,안전운전 의무 불이행
2016,이륜차,없음,안전운전 의무 불이행
2016,화물차,보행자,안전운전 의무 불이행
2016,승용차,보행자,안전운전 의무 불이행
2016,화물차,없음,기타
2016,승용차,이륜차,중앙선침범
2016,이륜차,없음,안전운전 의무 불이행
2016,원동기장치자전거,화물차,신호위반
2016,승용차,보행자,안전운전 의무 불이행
2016,승용차,보행자,과속
2016,승용차,보행자,중앙선침범
2016,화물차,보행자,안전운전 의무 불이행
2016,이륜차,화물차,안전운전 의무 불이행
2016,승용차,보행자,안전운전 의무 불이행
2016,승용차,보행자,안전운전 의무 불이행
2016,승용차,화물차,안전운전 의무 불이행
2016,승합차,보행자,안전운전 의무 불이행
2016,승용차,승합차,중앙선침범
2016,승용차,보행자,안전운전 의무 불이행
2016,자전거,자전거,안전거리미확보
2016,승용차,보행자,안전운전 의무 불이행
2016,승용차,자전거,신호위반
2016,이륜차,없음,안전운전 의무 불이행
2016,승용차,보행자,안전운전 의무 불이행
2016,승합차,보행자,안전운전 의무 불이행
2016,화물차,보행자,과속
2016,원동기장치자전거,승용차,신호위반
2016,특수차,보행자,안전운전 의무 불이행
2016,이륜차,보행자,중앙선침범
2016,원동기장치자전거,없음,안전운전 의무 불이행
2016,이륜차,화물차,안전운전 의무 불이행
2016,화물차,보행자,안전운전 의무 불이행
2016,이륜차,없음,안전운전 의무 불이행
2016,승용차,보행자,안전운전 의무 불이행
2016,승용차,보행자,보행자 보호의무 위반
2016,승합차,없음,안전운전 의무 불이행
2016,승용차,보행자,안전운전 의무 불이행
2016,승합차,보행자,안전운전 의무 불이행
2016,승용차,보행자,안전운전 의무 불이행
2016,화물차,보행자,안전운전 의무 불이행
2016,승용차,보행자,안전운전 의무 불이행
2016,이륜차,보행자,안전운전 의무 불이행
2016,자전거,보행자,안전운전 의무 불이행
2016,승용차,보행자,과속
2016,원동기장치자전거,승용차,신호위반
2016,승합차,보행자,안전운전 의무 불이행
2016,건설기계,자전거,안전운전 의무 불이행
2016,승용차,보행자,과속
2016,승합차,보행자,안전운전 의무 불이행
2016,승합차,보행자,보행자 보호의무 위반
2016,승용차,보행자,안전운전 의무 불이행
2016,승용차,없음,안전운전 의무 불이행
2016,화물차,자전거,신호위반
2016,원동기장치자전거,없음,안전운전 의무 불이행
2016,승용차,보행자,안전운전 의무 불이행
2016,건설기계,보행자,보행자 보호의무 위반
2016,건설기계,보행자,안전운전 의무 불이행
2016,원동기장치자전거,승용차,교차로 통행방법 위반
2016,자전거,승용차,기타
2016,자전거,화물차,안전운전 의무 불이행
2016,승용차,보행자,안전운전 의무 불이행
2016,이륜차,보행자,안전운전 의무 불이행
2016,승용차,보행자,안전운전 의무 불이행
2016,원동기장치자전거,보행자,신호위반
2016,화물차,보행자,안전운전 의무 불이행
2016,승용차,보행자,안전운전 의무 불이행
2016,승합차,자전거,안전운전 의무 불이행
2016,승용차,보행자,안전운전 의무 불이행
2016,자전거,승용차,안전운전 의무 불이행
2016,승용차,보행자,과속
2016,승용차,보행자,안전운전 의무 불이행
2016,승합차,보행자,안전운전 의무 불이행
2016,승용차,보행자,안전운전 의무 불이행
2016,건설기계,보행자,안전운전 의무 불이행
2016,원동기장치자전거,승용차,신호위반
2016,승용차,보행자,안전운전 의무 불이행
2016,이륜차,없음,안전운전 의무 불이행
2016,승용차,승용차,안전거리미확보
2016,승용차,보행자,과속
2016,원동기장치자전거,없음,안전운전 의무 불이행
2016,승용차,보행자,안전운전 의무 불이행
2016,승합차,보행자,안전운전 의무 불이행
2016,승용차,보행자,과속
2016,승합차,보행자,안전운전 의무 불이행
2016,이륜차,승용차,신호위반
2016,화물차,보행자,안전운전 의무 불이행
2016,승용차,보행자,안전운전 의무 불이행
2016,승용차,보행자,안전운전 의무 불이행
2016,승용차,이륜차,신호위반
2016,이륜차,승용차,신호위반
2016,승용차,승용차,중앙선침범
2016,이륜차,승합차,신호위반
2016,화물차,화물차,기타
2016,승합차,보행자,안전운전 의무 불이행
2016,승용차,이륜차,신호위반
2016,건설기계,보행자,안전운전 의무 불이행
2016,자전거,승용차,신호위반
2016,승용차,승용차,안전운전 의무 불이행
2016,원동기장치자전거,승용차,신호위반
2016,승용차,보행자,안전운전 의무 불이행
2016,건설기계,보행자,보행자 보호의무 위반
2016,승용차,보행자,안전운전 의무 불이행
2016,이륜차,없음,안전운전 의무 불이행
2016,화물차,보행자,안전운전 의무 불이행
2016,승용차,보행자,안전운전 의무 불이행
2016,자전거,승용차,중앙선침범
2016,승용차,보행자,안전운전 의무 불이행
2016,화물차,보행자,안전운전 의무 불이행
2016,화물차,화물차,안전운전 의무 불이행
2016,승용차,보행자,안전운전 의무 불이행
2016,이륜차,승용차,중앙선침범
2016,승용차,보행자,안전운전 의무 불이행
2016,자전거,승합차,안전운전 의무 불이행
2016,승용차,승용차,안전운전 의무 불이행
2016,승용차,없음,안전운전 의무 불이행
2016,승용차,보행자,안전운전 의무 불이행
2016,승용차,화물차,과속
2016,승용차,원동기장치자전거,안전운전 의무 불이행
2016,승합차,보행자,안전운전 의무 불이행
2016,이륜차,보행자,과속
2016,화물차,보행자,안전운전 의무 불이행
2016,자전거,자전거,안전운전 의무 불이행
2016,승용차,승용차,신호위반
2016,승용차,이륜차,안전운전 의무 불이행
2016,승용차,보행자,신호위반
2016,승용차,보행자,안전운전 의무 불이행
2016,이륜차,없음,안전운전 의무 불이행
2016,승합차,이륜차,안전운전 의무 불이행
2016,승합차,보행자,안전운전 의무 불이행
2016,화물차,보행자,안전운전 의무 불이행
2016,승용차,화물차,중앙선침범
2016,이륜차,승용차,안전거리미확보
2016,승용차,이륜차,신호위반
2016,건설기계,자전거,안전운전 의무 불이행
2016,화물차,보행자,안전운전 의무 불이행
2016,원동기장치자전거,승용차,안전운전 의무 불이행
2016,승용차,승용차,중앙선침범
2016,이륜차,승합차,중앙선침범
2016,승용차,화물차,과속
2016,승합차,보행자,안전운전 의무 불이행
2016,이륜차,보행자,안전운전 의무 불이행
2016,승용차,이륜차,안전운전 의무 불이행
2016,승용차,승용차,기타
2016,승용차,보행자,안전운전 의무 불이행
2016,자전거,없음,안전운전 의무 불이행
2016,승용차,보행자,안전운전 의무 불이행
2016,자전거,승용차,기타
2016,화물차,보행자,보행자 보호의무 위반
2016,화물차,승합차,안전운전 의무 불이행
2016,화물차,승용차,안전운전 의무 불이행
2016,승용차,보행자,안전운전 의무 불이행
2016,승용차,보행자,안전운전 의무 불이행
2016,승합차,보행자,안전운전 의무 불이행
2016,화물차,보행자,안전운전 의무 불이행
2016,화물차,보행자,안전운전 의무 불이행
2016,이륜차,화물차,중앙선침범
2016,승합차,보행자,안전운전 의무 불이행
2016,승용차,자전거,기타
2016,승용차,보행자,안전운전 의무 불이행
2016,승용차,보행자,안전운전 의무 불이행
2016,승합차,보행자,기타
2016,이륜차,이륜차,중앙선침범
2016,승용차,보행자,신호위반
2016,승용차,보행자,안전운전 의무 불이행
2016,승용차,없음,안전운전 의무 불이행
2016,승용차,보행자,안전운전 의무 불이행
2016,승용차,보행자,안전운전 의무 불이행
2016,이륜차,원동기장치자전거,중앙선침범
2016,승용차,보행자,안전운전 의무 불이행
2016,승용차,승용차,신호위반
2016,승용차,보행자,안전운전 의무 불이행
2016,이륜차,승용차,신호위반
2016,이륜차,보행자,안전운전 의무 불이행
2016,승용차,이륜차,신호위반
2016,승용차,보행자,보행자 보호의무 위반
2016,이륜차,없음,안전운전 의무 불이행
2016,이륜차,화물차,신호위반
2016,승용차,이륜차,신호위반
2016,승용차,승용차,중앙선침범
2016,승용차,승용차,신호위반
2016,이륜차,승용차,신호위반
2016,승합차,보행자,신호위반
2016,특수차,이륜차,신호위반
2016,승용차,보행자,중앙선침범
2016,승용차,이륜차,안전운전 의무 불이행
2016,승용차,보행자,안전운전 의무 불이행
2016,화물차,보행자,안전운전 의무 불이행
2016,이륜차,없음,안전운전 의무 불이행
2016,건설기계,보행자,보행자 보호의무 위반
2016,이륜차,없음,중앙선침범
2016,승용차,보행자,안전운전 의무 불이행
2016,승용차,보행자,안전운전 의무 불이행
2016,승용차,보행자,신호위반
2016,승용차,보행자,안전운전 의무 불이행
2016,승용차,원동기장치자전거,신호위반
2016,승용차,승용차,안전운전 의무 불이행
2016,화물차,보행자,안전운전 의무 불이행
2016,화물차,보행자,안전운전 의무 불이행
2016,화물차,승용차,안전운전 의무 불이행
2016,승용차,보행자,안전운전 의무 불이행
2016,승용차,건설기계,안전운전 의무 불이행
2016,원동기장치자전거,건설기계,안전운전 의무 불이행
2016,승용차,승용차,과속
2016,승용차,보행자,안전운전 의무 불이행
2016,화물차,없음,안전운전 의무 불이행
2016,승용차,보행자,신호위반
2016,승용차,승용차,안전운전 의무 불이행
2016,이륜차,보행자,보행자 보호의무 위반
2016,건설기계,보행자,안전운전 의무 불이행
2016,승용차,보행자,안전운전 의무 불이행
2016,화물차,이륜차,신호위반
2016,승용차,보행자,안전운전 의무 불이행
2016,승합차,보행자,보행자 보호의무 위반
2016,승용차,보행자,안전운전 의무 불이행
2016,승용차,보행자,안전운전 의무 불이행
2016,승용차,승합차,안전운전 의무 불이행
2016,승용차,보행자,신호위반
2016,이륜차,승용차,중앙선침범
2016,승용차,보행자,안전운전 의무 불이행
2016,승용차,보행자,안전운전 의무 불이행
2016,승용차,없음,과속
2016,이륜차,불명,안전운전 의무 불이행
2016,승합차,보행자,안전운전 의무 불이행
2016,승용차,보행자,안전운전 의무 불이행
2016,승용차,승용차,안전운전 의무 불이행
2016,승용차,보행자,안전운전 의무 불이행
2016,승용차,화물차,안전운전 의무 불이행
2016,승용차,건설기계,안전거리미확보
2016,자전거,자전거,신호위반
2016,승용차,보행자,안전운전 의무 불이행
2016,이륜차,승용차,안전운전 의무 불이행
2016,승용차,없음,안전운전 의무 불이행
2016,승용차,보행자,안전운전 의무 불이행
2016,승용차,보행자,안전운전 의무 불이행
2016,승용차,보행자,과속
2016,화물차,이륜차,교차로 통행방법 위반
2016,승용차,보행자,안전운전 의무 불이행
2016,승용차,보행자,안전운전 의무 불이행
2016,승합차,없음,안전운전 의무 불이행
2016,자전거,승용차,중앙선침범
2016,승합차,보행자,안전운전 의무 불이행
2016,승용차,보행자,안전운전 의무 불이행
2016,화물차,없음,안전운전 의무 불이행
2016,화물차,보행자,안전운전 의무 불이행
2016,승합차,보행자,신호위반
2016,화물차,보행자,안전운전 의무 불이행
2016,승용차,보행자,안전운전 의무 불이행
2016,승용차,보행자,보행자 보호의무 위반
2016,승용차,보행자,안전운전 의무 불이행
2016,화물차,보행자,신호위반
2016,승용차,보행자,안전운전 의무 불이행
2016,승용차,승용차,중앙선침범
2016,승용차,이륜차,신호위반
2016,화물차,보행자,안전운전 의무 불이행
2016,승용차,자전거,안전운전 의무 불이행
2016,승합차,보행자,안전운전 의무 불이행
2016,승용차,없음,안전운전 의무 불이행
2016,건설기계,보행자,안전운전 의무 불이행
2016,승용차,자전거,안전운전 의무 불이행
2016,화물차,보행자,안전운전 의무 불이행
2016,이륜차,승용차,신호위반
2016,이륜차,승합차,중앙선침범
2016,원동기장치자전거,없음,안전운전 의무 불이행
2016,승용차,승용차,신호위반
2016,승용차,보행자,안전운전 의무 불이행
2016,화물차,없음,안전운전 의무 불이행
2016,승합차,보행자,안전운전 의무 불이행
2016,화물차,보행자,보행자 보호의무 위반
2016,화물차,보행자,안전운전 의무 불이행
2016,이륜차,없음,안전운전 의무 불이행
2016,원동기장치자전거,승용차,중앙선침범
2016,승용차,승합차,안전운전 의무 불이행
2016,승용차,보행자,중앙선침범
2016,승용차,보행자,안전운전 의무 불이행
2016,화물차,원동기장치자전거,신호위반
2016,이륜차,없음,안전운전 의무 불이행
2016,원동기장치자전거,보행자,안전운전 의무 불이행
2016,원동기장치자전거,승합차,안전운전 의무 불이행
2016,화물차,보행자,안전운전 의무 불이행
2016,승용차,보행자,보행자 보호의무 위반
2016,승합차,보행자,안전운전 의무 불이행
2016,이륜차,보행자,안전운전 의무 불이행
2016,원동기장치자전거,없음,안전운전 의무 불이행
2016,승용차,보행자,안전운전 의무 불이행
2016,자전거,승용차,안전운전 의무 불이행
2016,이륜차,승합차,신호위반
2016,화물차,보행자,안전운전 의무 불이행
2016,승용차,이륜차,안전운전 의무 불이행
2016,승용차,보행자,안전운전 의무 불이행
2016,승용차,보행자,안전운전 의무 불이행
2016,화물차,보행자,안전운전 의무 불이행
2016,승용차,보행자,안전운전 의무 불이행
2016,화물차,이륜차,안전운전 의무 불이행
2016,승합차,보행자,안전운전 의무 불이행
2016,승용차,승합차,안전운전 의무 불이행
2016,승용차,보행자,안전운전 의무 불이행
2016,이륜차,승합차,안전거리미확보
2016,화물차,자전거,신호위반
2016,승합차,보행자,안전운전 의무 불이행
2016,화물차,이륜차,신호위반
2016,승용차,보행자,안전운전 의무 불이행
2017,승용차,보행자,안전거리미확보
2017,승용차,보행자,안전운전 의무 불이행
2017,이륜차,없음,안전운전 의무 불이행
2017,승용차,보행자,신호위반
2017,승용차,이륜차,기타
2017,승용차,보행자,안전운전 의무 불이행
2017,화물차,보행자,안전운전 의무 불이행
2017,승용차,보행자,안전운전 의무 불이행
2017,건설기계,보행자,신호위반
2017,승용차,기타,안전운전 의무 불이행
2017,승용차,없음,안전운전 의무 불이행
2017,승용차,보행자,안전운전 의무 불이행
2017,승용차,자전거,안전운전 의무 불이행
2017,화물차,원동기장치자전거,신호위반
2017,이륜차,화물차,안전운전 의무 불이행
2017,승합차,자전거,안전운전 의무 불이행
2017,승용차,보행자,안전운전 의무 불이행
2017,이륜차,없음,안전운전 의무 불이행
2017,승용차,보행자,과속
2017,승용차,보행자,안전운전 의무 불이행
2017,승용차,보행자,안전운전 의무 불이행
2017,승용차,보행자,안전운전 의무 불이행
2017,이륜차,승용차,과속
2017,승용차,보행자,안전운전 의무 불이행
2017,승용차,없음,과속
2017,승용차,보행자,안전운전 의무 불이행
2017,승용차,없음,안전운전 의무 불이행
2017,승용차,보행자,안전운전 의무 불이행
2017,승용차,보행자,과속
2017,화물차,보행자,안전운전 의무 불이행
2017,승용차,없음,안전운전 의무 불이행
2017,이륜차,없음,안전운전 의무 불이행
2017,이륜차,화물차,안전운전 의무 불이행
2017,승용차,이륜차,안전운전 의무 불이행
2017,화물차,보행자,안전운전 의무 불이행
2017,승용차,보행자,안전운전 의무 불이행
2017,자전거,승용차,안전운전 의무 불이행
2017,자전거,승용차,중앙선침범
2017,승용차,이륜차,안전운전 의무 불이행
2017,화물차,없음,안전운전 의무 불이행
2017,승합차,자전거,안전운전 의무 불이행
2017,원동기장치자전거,없음,안전운전 의무 불이행
2017,이륜차,승용차,중앙선침범
2017,승용차,보행자,안전운전 의무 불이행
2017,승용차,보행자,안전운전 의무 불이행
2017,화물차,승합차,신호위반
2017,화물차,승합차,중앙선침범
2017,자전거,건설기계,안전운전 의무 불이행
2017,승용차,자전거,과속
2017,승합차,보행자,안전운전 의무 불이행
2017,승용차,건설기계,안전운전 의무 불이행
2017,화물차,보행자,안전운전 의무 불이행
2017,화물차,보행자,안전운전 의무 불이행
2017,이륜차,없음,안전운전 의무 불이행
2017,승합차,보행자,안전운전 의무 불이행
2017,건설기계,보행자,보행자 보호의무 위반
2017,이륜차,승용차,안전운전 의무 불이행
2017,이륜차,없음,안전운전 의무 불이행
2017,화물차,보행자,신호위반
2017,승용차,보행자,안전운전 의무 불이행
2017,승용차,보행자,중앙선침범
2017,승용차,보행자,안전운전 의무 불이행
2017,이륜차,없음,안전운전 의무 불이행
2017,화물차,보행자,안전운전 의무 불이행
2017,이륜차,화물차,안전운전 의무 불이행
2017,승용차,없음,안전운전 의무 불이행
2017,화물차,보행자,안전운전 의무 불이행
2017,화물차,보행자,안전운전 의무 불이행
2017,승용차,없음,과속
2017,화물차,보행자,안전운전 의무 불이행
2017,이륜차,없음,안전운전 의무 불이행
2017,이륜차,없음,안전운전 의무 불이행
2017,화물차,보행자,안전운전 의무 불이행
2017,승용차,보행자,안전운전 의무 불이행
2017,승용차,보행자,보행자 보호의무 위반
2017,건설기계,원동기장치자전거,안전거리미확보
2017,승용차,보행자,안전운전 의무 불이행
2017,승용차,보행자,안전운전 의무 불이행
2017,원동기장치자전거,승용차,신호위반
2017,승용차,승용차,안전운전 의무 불이행
2017,승용차,보행자,안전운전 의무 불이행
2017,자전거,화물차,중앙선침범
2017,승용차,보행자,안전운전 의무 불이행
2017,화물차,보행자,안전운전 의무 불이행
2017,화물차,보행자,안전운전 의무 불이행
2017,화물차,보행자,안전운전 의무 불이행
2017,이륜차,승합차,안전운전 의무 불이행
2017,원동기장치자전거,승용차,중앙선침범
2017,승용차,보행자,안전운전 의무 불이행
2017,이륜차,승용차,안전운전 의무 불이행
2017,승용차,자전거,안전운전 의무 불이행
2017,승용차,승용차,안전운전 의무 불이행
2017,이륜차,없음,안전운전 의무 불이행
2017,승용차,보행자,보행자 보호의무 위반
2017,승합차,보행자,보행자 보호의무 위반
2017,승용차,이륜차,중앙선침범
2017,이륜차,건설기계,안전운전 의무 불이행
2017,이륜차,승용차,신호위반
2017,원동기장치자전거,승용차,신호위반
2017,승용차,보행자,보행자 보호의무 위반
2017,승합차,보행자,안전운전 의무 불이행
2017,승합차,보행자,안전운전 의무 불이행
2017,승합차,보행자,안전운전 의무 불이행
2017,화물차,보행자,신호위반
2017,승용차,보행자,안전운전 의무 불이행
2017,승용차,이륜차,안전거리미확보
2017,승용차,보행자,안전운전 의무 불이행
2017,이륜차,이륜차,안전운전 의무 불이행
2017,승합차,이륜차,신호위반
2017,승합차,보행자,보행자 보호의무 위반
2017,건설기계,보행자,안전운전 의무 불이행
2017,화물차,보행자,안전운전 의무 불이행
2017,승합차,보행자,안전운전 의무 불이행
2017,특수차,보행자,안전운전 의무 불이행
2017,승용차,원동기장치자전거,신호위반
2017,승합차,보행자,안전운전 의무 불이행
2017,승용차,보행자,과속
2017,승용차,보행자,안전운전 의무 불이행
2017,승용차,보행자,안전운전 의무 불이행
2017,승용차,보행자,과속
2017,승용차,보행자,안전운전 의무 불이행
2017,승합차,보행자,안전운전 의무 불이행
2017,승용차,없음,안전운전 의무 불이행
2017,이륜차,보행자,안전운전 의무 불이행
2017,자전거,승합차,기타
2017,승용차,보행자,안전운전 의무 불이행
2017,자전거,보행자,안전운전 의무 불이행
2017,승용차,자전거,안전운전 의무 불이행
2017,이륜차,승용차,안전운전 의무 불이행
2017,승합차,이륜차,신호위반
2017,승용차,화물차,안전운전 의무 불이행
2017,화물차,보행자,보행자 보호의무 위반
2017,이륜차,보행자,과속
2017,승용차,화물차,안전운전 의무 불이행
2017,승용차,보행자,안전운전 의무 불이행
2017,화물차,보행자,안전운전 의무 불이행
2017,승합차,보행자,안전운전 의무 불이행
2017,승용차,보행자,안전운전 의무 불이행
2017,승용차,보행자,안전운전 의무 불이행
2017,승용차,자전거,신호위반
2017,승용차,자전거,안전운전 의무 불이행
2017,승합차,보행자,안전운전 의무 불이행
2017,화물차,보행자,신호위반
2017,승용차,보행자,안전운전 의무 불이행
2017,이륜차,없음,안전운전 의무 불이행
2017,이륜차,승용차,신호위반
2017,승용차,보행자,보행자 보호의무 위반
2017,승용차,화물차,안전운전 의무 불이행
2017,이륜차,보행자,안전운전 의무 불이행
2017,승합차,보행자,안전운전 의무 불이행
2017,승합차,보행자,안전운전 의무 불이행
2017,승합차,없음,안전운전 의무 불이행
2017,화물차,자전거,안전운전 의무 불이행
2017,승용차,승용차,중앙선침범
2017,이륜차,화물차,중앙선침범
2017,이륜차,보행자,과속
2017,화물차,보행자,안전운전 의무 불이행
2017,화물차,보행자,안전운전 의무 불이행
2017,자전거,없음,안전운전 의무 불이행
2017,화물차,보행자,안전운전 의무 불이행
2017,건설기계,보행자,안전운전 의무 불이행
2017,승용차,보행자,안전운전 의무 불이행
2017,승용차,보행자,안전운전 의무 불이행
2017,승용차,보행자,안전운전 의무 불이행
2017,승합차,보행자,안전운전 의무 불이행
2017,승합차,보행자,신호위반
2017,승용차,승합차,신호위반
2017,건설기계,보행자,안전운전 의무 불이행
2017,승용차,보행자,안전운전 의무 불이행
2017,원동기장치자전거,없음,안전운전 의무 불이행
2017,원동기장치자전거,승합차,신호위반
2017,승용차,없음,안전운전 의무 불이행
2017,승용차,보행자,안전운전 의무 불이행
2017,승합차,보행자,안전운전 의무 불이행
2017,이륜차,승용차,중앙선침범
2017,화물차,원동기장치자전거,신호위반
2017,승용차,보행자,기타
2017,승용차,원동기장치자전거,신호위반
2017,승용차,보행자,안전운전 의무 불이행
2017,화물차,보행자,보행자 보호의무 위반
2017,건설기계,보행자,안전운전 의무 불이행
2017,화물차,보행자,안전운전 의무 불이행
2017,승용차,보행자,안전운전 의무 불이행
2017,자전거,승합차,안전운전 의무 불이행
2017,원동기장치자전거,화물차,안전운전 의무 불이행
2017,화물차,보행자,안전운전 의무 불이행
2017,승용차,보행자,안전운전 의무 불이행
2017,승합차,보행자,안전운전 의무 불이행
2017,승용차,보행자,안전운전 의무 불이행
2017,승용차,보행자,안전운전 의무 불이행
2017,승용차,보행자,안전운전 의무 불이행
2017,승용차,보행자,안전운전 의무 불이행
2017,승용차,보행자,안전운전 의무 불이행
2017,승용차,보행자,안전운전 의무 불이행
2017,승용차,보행자,안전운전 의무 불이행
2017,이륜차,화물차,안전운전 의무 불이행
2017,승용차,이륜차,안전운전 의무 불이행
2017,승용차,보행자,안전운전 의무 불이행
2017,승용차,보행자,안전운전 의무 불이행
2017,승용차,보행자,과속
2017,승용차,승용차,과속
2017,화물차,자전거,안전운전 의무 불이행
2017,이륜차,없음,안전운전 의무 불이행
2017,승용차,이륜차,신호위반
2017,승용차,보행자,안전운전 의무 불이행
2017,이륜차,승용차,신호위반
2017,이륜차,승용차,신호위반
2017,화물차,화물차,안전운전 의무 불이행
2017,승용차,보행자,안전운전 의무 불이행
2017,승용차,보행자,신호위반
2017,승용차,이륜차,과속
2017,승용차,이륜차,안전운전 의무 불이행
2017,승용차,보행자,과속
2017,승용차,승용차,안전운전 의무 불이행
2017,승합차,이륜차,신호위반
2017,원동기장치자전거,승합차,중앙선침범
2017,승용차,보행자,과속
2017,자전거,보행자,보행자 보호의무 위반
2017,자전거,건설기계,안전운전 의무 불이행
2017,승용차,화물차,안전운전 의무 불이행
2017,승용차,보행자,과속
2017,화물차,승용차,안전거리미확보
2017,자전거,승용차,안전운전 의무 불이행
2017,원동기장치자전거,자전거,안전운전 의무 불이행
2017,이륜차,원동기장치자전거,신호위반
2017,화물차,보행자,안전운전 의무 불이행
2017,화물차,보행자,신호위반
2017,승용차,보행자,안전운전 의무 불이행
2017,승용차,보행자,안전운전 의무 불이행
2017,자전거,화물차,기타
2017,자전거,보행자,기타
2017,승합차,보행자,안전운전 의무 불이행
2017,화물차,보행자,안전운전 의무 불이행
2017,승용차,보행자,안전운전 의무 불이행
2017,승용차,보행자,안전운전 의무 불이행
2017,자전거,승합차,중앙선침범
2017,승용차,승용차,안전운전 의무 불이행
2017,승용차,보행자,신호위반
2017,승용차,승용차,안전운전 의무 불이행
2017,승용차,승용차,안전운전 의무 불이행
2017,화물차,보행자,안전운전 의무 불이행
2017,승용차,보행자,안전운전 의무 불이행
2017,이륜차,화물차,안전운전 의무 불이행
2017,승합차,자전거,안전운전 의무 불이행
2017,승용차,이륜차,신호위반
2017,승합차,보행자,안전운전 의무 불이행
2017,승용차,승용차,신호위반
2017,승용차,보행자,안전운전 의무 불이행
2017,승용차,보행자,안전운전 의무 불이행
2017,승용차,보행자,안전운전 의무 불이행
2017,건설기계,보행자,안전운전 의무 불이행
2017,승용차,보행자,안전운전 의무 불이행
2017,승합차,보행자,안전운전 의무 불이행
2017,건설기계,보행자,신호위반
2017,이륜차,승용차,안전운전 의무 불이행
2017,승용차,보행자,과속
2017,특수차,보행자,안전운전 의무 불이행
2017,승합차,보행자,안전운전 의무 불이행
2017,승용차,없음,안전운전 의무 불이행
2017,승용차,보행자,과속
2017,승용차,이륜차,기타
2017,승용차,보행자,신호위반
2017,승용차,없음,안전운전 의무 불이행
2017,승용차,승합차,안전운전 의무 불이행
2017,승용차,보행자,안전운전 의무 불이행
2017,승용차,보행자,안전운전 의무 불이행
2017,승용차,보행자,안전운전 의무 불이행
2017,승합차,승용차,안전운전 의무 불이행
2017,승용차,보행자,보행자 보호의무 위반
2017,승용차,보행자,안전운전 의무 불이행
2017,승용차,보행자,안전운전 의무 불이행
2017,승용차,승용차,안전운전 의무 불이행
2017,승용차,보행자,안전운전 의무 불이행
2017,승용차,보행자,과속
2017,건설기계,이륜차,안전거리미확보
2017,이륜차,승합차,안전운전 의무 불이행
2017,승용차,보행자,신호위반
2017,승용차,없음,안전운전 의무 불이행
2017,이륜차,없음,안전운전 의무 불이행
2017,화물차,보행자,안전운전 의무 불이행
2017,원동기장치자전거,화물차,신호위반
2017,승용차,보행자,안전운전 의무 불이행
2017,승합차,보행자,안전운전 의무 불이행
2017,화물차,보행자,안전운전 의무 불이행
2017,승용차,보행자,안전운전 의무 불이행
2017,화물차,보행자,안전운전 의무 불이행
2017,승용차,자전거,안전운전 의무 불이행
2017,승용차,보행자,보행자 보호의무 위반
2017,자전거,승용차,안전운전 의무 불이행
2017,승용차,승용차,안전운전 의무 불이행
2017,원동기장치자전거,없음,안전운전 의무 불이행
2017,화물차,보행자,안전운전 의무 불이행
2017,승용차,보행자,안전운전 의무 불이행
2017,승용차,보행자,안전운전 의무 불이행
2017,승용차,없음,안전운전 의무 불이행
2017,승용차,화물차,안전거리미확보
2017,승용차,보행자,안전운전 의무 불이행
2017,승용차,보행자,안전운전 의무 불이행
2017,이륜차,없음,안전운전 의무 불이행
2017,승용차,보행자,안전운전 의무 불이행
2017,승용차,보행자,안전운전 의무 불이행
2017,이륜차,승용차,안전운전 의무 불이행
2017,승용차,이륜차,안전운전 의무 불이행
2017,승합차,보행자,안전운전 의무 불이행
2017,승용차,원동기장치자전거,안전운전 의무 불이행
2017,승용차,없음,안전운전 의무 불이행
2017,이륜차,없음,안전운전 의무 불이행
2017,승용차,이륜차,중앙선침범
2017,승용차,보행자,과속
2017,자전거,승합차,기타
2017,원동기장치자전거,승용차,중앙선침범
2017,승용차,보행자,안전운전 의무 불이행
2017,화물차,보행자,안전운전 의무 불이행
2017,이륜차,승용차,안전운전 의무 불이행
2017,승용차,보행자,안전운전 의무 불이행
2017,원동기장치자전거,없음,안전운전 의무 불이행
2017,개인형이동수단,승용차,안전거리미확보
2017,승용차,자전거,안전운전 의무 불이행
2017,화물차,보행자,안전운전 의무 불이행
2017,원동기장치자전거,건설기계,안전운전 의무 불이행
2017,화물차,보행자,안전운전 의무 불이행
2017,이륜차,이륜차,신호위반
2017,승용차,원동기장치자전거,신호위반
2017,승용차,승용차,신호위반
2017,승용차,보행자,안전운전 의무 불이행
2017,승용차,승용차,안전운전 의무 불이행
2017,승합차,보행자,기타
2017,건설기계,보행자,안전운전 의무 불이행
2017,승용차,보행자,안전운전 의무 불이행
2017,승용차,보행자,안전운전 의무 불이행
2017,승용차,승합차,신호위반
2017,이륜차,없음,안전운전 의무 불이행
2017,승합차,보행자,기타
2017,승용차,보행자,신호위반
2017,승용차,보행자,안전운전 의무 불이행
2018,승용차,보행자,안전운전 의무 불이행
2018,승용차,보행자,신호위반
2018,화물차,승용차,신호위반
2018,이륜차,승용차,안전운전 의무 불이행
2018,승합차,보행자,안전운전 의무 불이행
2018,승합차,보행자,안전운전 의무 불이행
2018,승용차,보행자,기타
2018,승용차,기타,안전운전 의무 불이행
2018,승합차,보행자,안전운전 의무 불이행
2018,승용차,이륜차,안전운전 의무 불이행
2018,승용차,보행자,안전운전 의무 불이행
2018,이륜차,이륜차,안전운전 의무 불이행
2018,승합차,보행자,안전운전 의무 불이행
2018,자전거,화물차,신호위반
2018,승용차,건설기계,과속
2018,화물차,보행자,안전운전 의무 불이행
2018,승용차,보행자,안전운전 의무 불이행
2018,승용차,없음,안전운전 의무 불이행
2018,승용차,보행자,신호위반
2018,이륜차,보행자,안전운전 의무 불이행
2018,승용차,이륜차,안전운전 의무 불이행
2018,이륜차,없음,안전운전 의무 불이행
2018,이륜차,없음,안전운전 의무 불이행
2018,승용차,보행자,보행자 보호의무 위반
2018,승용차,보행자,안전운전 의무 불이행
2018,승용차,자전거,신호위반
2018,승용차,보행자,안전운전 의무 불이행
2018,화물차,보행자,보행자 보호의무 위반
2018,승용차,보행자,안전운전 의무 불이행
2018,승용차,보행자,안전운전 의무 불이행
2018,이륜차,승용차,중앙선침범
2018,이륜차,없음,안전운전 의무 불이행
2018,자전거,자전거,안전운전 의무 불이행
2018,이륜차,없음,안전운전 의무 불이행
2018,화물차,보행자,보행자 보호의무 위반
2018,승용차,보행자,과속
2018,승용차,보행자,안전운전 의무 불이행
2018,승용차,보행자,안전운전 의무 불이행
2018,화물차,보행자,안전운전 의무 불이행
2018,화물차,자전거,교차로 통행방법 위반
2018,승용차,보행자,안전운전 의무 불이행
2018,승용차,이륜차,기타
2018,화물차,이륜차,중앙선침범
2018,화물차,보행자,안전운전 의무 불이행
2018,승용차,보행자,안전운전 의무 불이행
2018,자전거,화물차,안전거리미확보
2018,승용차,보행자,보행자 보호의무 위반
2018,승용차,보행자,안전운전 의무 불이행
2018,화물차,자전거,안전운전 의무 불이행
2018,이륜차,보행자,보행자 보호의무 위반
2018,승용차,보행자,안전운전 의무 불이행
2018,화물차,보행자,안전운전 의무 불이행
2018,승용차,보행자,안전운전 의무 불이행
2018,이륜차,이륜차,신호위반
2018,승합차,보행자,안전운전 의무 불이행
2018,승용차,이륜차,안전운전 의무 불이행
2018,승용차,보행자,안전운전 의무 불이행
2018,이륜차,보행자,안전운전 의무 불이행
2018,건설기계,보행자,보행자 보호의무 위반
2018,승용차,이륜차,신호위반
2018,화물차,보행자,신호위반
2018,승용차,보행자,과속
2018,승용차,없음,안전운전 의무 불이행
2018,이륜차,없음,안전운전 의무 불이행
2018,승용차,보행자,안전운전 의무 불이행
2018,자전거,승용차,안전운전 의무 불이행
2018,승합차,보행자,안전운전 의무 불이행
2018,건설기계,보행자,안전운전 의무 불이행
2018,승합차,보행자,안전운전 의무 불이행
2018,승합차,보행자,안전운전 의무 불이행
2018,승합차,보행자,안전운전 의무 불이행
2018,승용차,보행자,안전운전 의무 불이행
2018,원동기장치자전거,승용차,신호위반
2018,승용차,보행자,안전운전 의무 불이행
2018,자전거,승용차,기타
2018,화물차,보행자,안전운전 의무 불이행
2018,원동기장치자전거,없음,안전운전 의무 불이행
2018,화물차,보행자,안전운전 의무 불이행
2018,승합차,이륜차,신호위반
2018,이륜차,승합차,신호위반
2018,승합차,보행자,안전운전 의무 불이행
2018,승용차,보행자,안전운전 의무 불이행
2018,승용차,보행자,안전운전 의무 불이행
2018,이륜차,승용차,중앙선침범
2018,승용차,보행자,안전운전 의무 불이행
2018,승합차,보행자,기타
2018,승용차,보행자,안전운전 의무 불이행
2018,승합차,보행자,안전운전 의무 불이행
2018,승합차,원동기장치자전거,과속
2018,승합차,보행자,안전운전 의무 불이행
2018,승용차,보행자,과속
2018,승용차,이륜차,중앙선침범
2018,자전거,승용차,안전운전 의무 불이행
2018,이륜차,없음,안전운전 의무 불이행
2018,승용차,없음,안전운전 의무 불이행
2018,건설기계,보행자,신호위반
2018,승용차,없음,안전운전 의무 불이행
2018,이륜차,건설기계,신호위반
2018,승용차,승용차,안전운전 의무 불이행
2018,승용차,승용차,안전운전 의무 불이행
2018,승용차,보행자,안전운전 의무 불이행
2018,자전거,승용차,안전거리미확보
2018,이륜차,승용차,신호위반
2018,승용차,보행자,안전운전 의무 불이행
2018,화물차,보행자,안전운전 의무 불이행
2018,이륜차,승합차,신호위반
2018,승합차,보행자,신호위반
2018,특수차,보행자,안전운전 의무 불이행
2018,화물차,자전거,안전운전 의무 불이행
2018,승합차,보행자,안전운전 의무 불이행
2018,승용차,보행자,안전운전 의무 불이행
2018,건설기계,보행자,보행자 보호의무 위반
2018,승합차,보행자,안전운전 의무 불이행
2018,승용차,보행자,안전운전 의무 불이행
2018,이륜차,없음,안전운전 의무 불이행
2018,승용차,자전거,신호위반
2018,승합차,보행자,안전운전 의무 불이행
2018,승용차,없음,안전운전 의무 불이행
2018,승용차,보행자,안전운전 의무 불이행
2018,건설기계,보행자,신호위반
2018,승합차,보행자,보행자 보호의무 위반
2018,건설기계,보행자,안전운전 의무 불이행
2018,승용차,보행자,과속
2018,승용차,보행자,과속
2018,자전거,승용차,안전운전 의무 불이행
2018,승합차,보행자,신호위반
2018,승용차,보행자,신호위반
2018,화물차,보행자,과속
2018,승합차,보행자,안전운전 의무 불이행
2018,승용차,보행자,안전운전 의무 불이행
2018,승용차,없음,안전운전 의무 불이행
2018,승용차,원동기장치자전거,중앙선침범
2018,자전거,승용차,안전운전 의무 불이행
2018,화물차,화물차,안전운전 의무 불이행
2018,건설기계,자전거,안전운전 의무 불이행
2018,승용차,보행자,안전운전 의무 불이행
2018,자전거,승용차,안전운전 의무 불이행
2018,화물차,보행자,신호위반
2018,승용차,보행자,기타
2018,자전거,승용차,안전운전 의무 불이행
2018,승용차,승합차,중앙선침범
2018,이륜차,승합차,신호위반
2018,화물차,보행자,안전운전 의무 불이행
2018,화물차,보행자,보행자 보호의무 위반
2018,화물차,보행자,안전운전 의무 불이행
2018,승용차,보행자,안전운전 의무 불이행
2018,승합차,보행자,안전운전 의무 불이행
2018,승용차,보행자,신호위반
2018,이륜차,보행자,안전운전 의무 불이행
2018,승합차,보행자,안전운전 의무 불이행
2018,승합차,보행자,안전운전 의무 불이행
2018,승합차,보행자,안전운전 의무 불이행
2018,화물차,보행자,기타
2018,승용차,보행자,안전운전 의무 불이행
2018,승합차,보행자,보행자 보호의무 위반
2018,이륜차,보행자,안전운전 의무 불이행
2018,화물차,보행자,안전운전 의무 불이행
2018,이륜차,보행자,신호위반
2018,자전거,없음,안전운전 의무 불이행
2018,승용차,보행자,안전운전 의무 불이행
2018,승용차,보행자,안전운전 의무 불이행
2018,승용차,보행자,보행자 보호의무 위반
2018,승용차,승용차,신호위반
2018,승용차,특수차,안전운전 의무 불이행
2018,이륜차,승합차,신호위반
2018,승용차,보행자,안전운전 의무 불이행
2018,승용차,보행자,안전운전 의무 불이행
2018,화물차,승용차,안전운전 의무 불이행
2018,승용차,건설기계,안전운전 의무 불이행
2018,승용차,없음,안전운전 의무 불이행
2018,화물차,보행자,기타
2018,승용차,보행자,과속
2018,승합차,보행자,안전운전 의무 불이행
2018,승합차,자전거,안전운전 의무 불이행
2018,승용차,보행자,안전운전 의무 불이행
2018,승합차,승용차,안전거리미확보
2018,승용차,승용차,신호위반
2018,이륜차,화물차,신호위반
2018,자전거,화물차,안전운전 의무 불이행
2018,화물차,보행자,안전운전 의무 불이행
2018,승용차,보행자,신호위반
2018,승용차,보행자,안전운전 의무 불이행
2018,화물차,불명,안전운전 의무 불이행
2018,승용차,보행자,보행자 보호의무 위반
2018,승용차,보행자,안전운전 의무 불이행
2018,승용차,보행자,안전운전 의무 불이행
2018,승용차,보행자,보행자 보호의무 위반
2018,건설기계,자전거,안전운전 의무 불이행
2018,승용차,자전거,안전운전 의무 불이행
2018,승용차,보행자,안전운전 의무 불이행
2018,건설기계,보행자,안전운전 의무 불이행
2018,승합차,보행자,안전운전 의무 불이행
2018,승용차,화물차,기타
2018,승용차,보행자,안전운전 의무 불이행
2018,승용차,보행자,안전운전 의무 불이행
2018,승용차,승합차,신호위반
2018,승용차,보행자,신호위반
2018,화물차,자전거,안전운전 의무 불이행
2018,화물차,승용차,안전운전 의무 불이행
2018,원동기장치자전거,승합차,중앙선침범
2018,승용차,보행자,안전운전 의무 불이행
2018,승용차,승용차,안전운전 의무 불이행
2018,승용차,보행자,안전운전 의무 불이행
2018,승용차,보행자,안전운전 의무 불이행
2018,승용차,승용차,안전운전 의무 불이행
2018,승용차,화물차,안전운전 의무 불이행
2018,건설기계,이륜차,안전거리미확보
2018,원동기장치자전거,승용차,안전거리미확보
2018,승용차,보행자,기타
2018,승용차,보행자,안전운전 의무 불이행
2018,승용차,보행자,안전운전 의무 불이행
2018,화물차,승용차,안전운전 의무 불이행
2018,승용차,승합차,신호위반
2018,승용차,원동기장치자전거,신호위반
2018,승용차,보행자,안전운전 의무 불이행
2018,이륜차,없음,안전운전 의무 불이행
2018,승용차,보행자,신호위반
2018,승용차,보행자,안전운전 의무 불이행
2018,승용차,승합차,안전운전 의무 불이행
2018,승용차,보행자,과속
2018,승합차,승합차,안전운전 의무 불이행
2018,승용차,보행자,안전운전 의무 불이행
2018,승용차,보행자,안전운전 의무 불이행
2018,화물차,보행자,안전운전 의무 불이행
2018,화물차,화물차,안전운전 의무 불이행
2018,이륜차,승합차,신호위반
2018,승용차,보행자,안전운전 의무 불이행
2018,이륜차,승합차,중앙선침범
2018,화물차,화물차,안전운전 의무 불이행
2018,승용차,보행자,안전운전 의무 불이행
2018,승용차,보행자,과속
2018,승용차,승용차,중앙선침범
2018,승용차,보행자,안전운전 의무 불이행
2018,건설기계,보행자,안전운전 의무 불이행
2018,승용차,승합차,신호위반
2018,승용차,승용차,안전운전 의무 불이행
2018,이륜차,없음,안전운전 의무 불이행
2018,승용차,건설기계,안전운전 의무 불이행
2018,승용차,보행자,안전운전 의무 불이행
2018,승용차,이륜차,안전운전 의무 불이행
2018,이륜차,승용차,안전운전 의무 불이행
2018,승용차,화물차,안전운전 의무 불이행
2018,이륜차,없음,안전운전 의무 불이행
2018,이륜차,없음,안전운전 의무 불이행
2018,건설기계,보행자,보행자 보호의무 위반
2018,승용차,보행자,신호위반
2018,승용차,보행자,안전운전 의무 불이행
2018,건설기계,보행자,안전운전 의무 불이행
2018,승용차,보행자,안전운전 의무 불이행
2018,승용차,보행자,안전운전 의무 불이행
2018,승용차,보행자,과속
2018,화물차,보행자,안전운전 의무 불이행
2018,특수차,보행자,보행자 보호의무 위반
2018,승합차,보행자,안전운전 의무 불이행
2018,자전거,보행자,신호위반
2018,화물차,보행자,중앙선침범
2018,이륜차,승용차,신호위반
2018,승용차,승용차,중앙선침범
2018,건설기계,승용차,교차로 통행방법 위반
2018,승용차,보행자,안전운전 의무 불이행
2018,자전거,건설기계,안전거리미확보
2018,승용차,보행자,안전운전 의무 불이행
2018,승용차,보행자,안전운전 의무 불이행
2018,이륜차,없음,과속
2018,화물차,없음,안전운전 의무 불이행
2018,승용차,보행자,안전운전 의무 불이행
2018,승용차,보행자,안전운전 의무 불이행
2018,승합차,보행자,안전운전 의무 불이행
2018,승용차,보행자,안전운전 의무 불이행
2018,승용차,보행자,안전운전 의무 불이행
2018,승용차,보행자,기타
2018,이륜차,승용차,기타
2018,화물차,보행자,신호위반
2018,승용차,없음,안전운전 의무 불이행
2018,승용차,보행자,안전운전 의무 불이행
2018,승용차,보행자,안전운전 의무 불이행
2018,승용차,보행자,안전운전 의무 불이행
2018,자전거,승용차,안전운전 의무 불이행
2018,자전거,건설기계,안전운전 의무 불이행
2018,승합차,보행자,안전운전 의무 불이행
2018,승용차,승용차,중앙선침범
2018,승용차,승합차,중앙선침범
2018,승용차,승용차,신호위반
2018,승용차,보행자,신호위반
2018,승용차,보행자,안전운전 의무 불이행
2018,자전거,없음,안전운전 의무 불이행
2018,승합차,보행자,신호위반
2018,화물차,보행자,안전운전 의무 불이행
2018,승합차,보행자,보행자 보호의무 위반
2018,승합차,없음,기타
2018,건설기계,보행자,보행자 보호의무 위반
2018,승용차,보행자,안전운전 의무 불이행
2018,승용차,보행자,신호위반
2018,승용차,보행자,안전운전 의무 불이행
2018,승용차,보행자,과속
2018,화물차,보행자,안전운전 의무 불이행
2018,건설기계,보행자,안전운전 의무 불이행
2018,화물차,보행자,보행자 보호의무 위반
2018,승용차,보행자,신호위반
2018,승용차,없음,안전운전 의무 불이행
2019,화물차,보행자,안전운전 의무 불이행
2019,승용차,보행자,안전운전 의무 불이행
2019,승용차,이륜차,안전운전 의무 불이행
2019,이륜차,보행자,안전운전 의무 불이행
2019,자전거,화물차,안전운전 의무 불이행
2019,이륜차,승합차,안전운전 의무 불이행
2019,건설기계,보행자,안전운전 의무 불이행
2019,승합차,보행자,안전운전 의무 불이행
2019,화물차,보행자,안전운전 의무 불이행
2019,승용차,승합차,신호위반
2019,승합차,보행자,안전운전 의무 불이행
2019,승용차,보행자,안전운전 의무 불이행
2019,승용차,보행자,과속
2019,화물차,보행자,안전운전 의무 불이행
2019,승용차,없음,안전운전 의무 불이행
2019,이륜차,화물차,안전거리미확보
2019,승용차,보행자,안전운전 의무 불이행
2019,승합차,보행자,안전운전 의무 불이행
2019,승용차,보행자,기타
2019,이륜차,없음,안전운전 의무 불이행
2019,화물차,없음,안전운전 의무 불이행
2019,승용차,없음,안전운전 의무 불이행
2019,승용차,보행자,안전운전 의무 불이행
2019,화물차,보행자,안전운전 의무 불이행
2019,이륜차,없음,안전운전 의무 불이행
2019,승용차,보행자,신호위반
2019,승용차,보행자,보행자 보호의무 위반
2019,원동기장치자전거,승용차,안전운전 의무 불이행
2019,이륜차,보행자,신호위반
2019,화물차,보행자,안전운전 의무 불이행
2019,승용차,자전거,기타
2019,승용차,보행자,안전운전 의무 불이행
2019,승용차,보행자,안전운전 의무 불이행
2019,이륜차,없음,안전운전 의무 불이행
2019,승용차,보행자,안전운전 의무 불이행
2019,이륜차,보행자,안전운전 의무 불이행
2019,이륜차,승용차,신호위반
2019,이륜차,없음,안전운전 의무 불이행
2019,승용차,보행자,과속
2019,이륜차,승용차,안전운전 의무 불이행
2019,승용차,보행자,안전운전 의무 불이행
2019,승용차,이륜차,신호위반
2019,자전거,없음,안전운전 의무 불이행
2019,승용차,보행자,안전운전 의무 불이행
2019,이륜차,승용차,신호위반
2019,승용차,이륜차,신호위반
2019,승용차,자전거,안전운전 의무 불이행
2019,승용차,이륜차,중앙선침범
2019,승용차,보행자,과속
2019,승용차,보행자,보행자 보호의무 위반
2019,건설기계,자전거,안전운전 의무 불이행
2019,이륜차,없음,안전운전 의무 불이행
2019,승합차,보행자,안전운전 의무 불이행
2019,승용차,보행자,보행자 보호의무 위반
2019,건설기계,없음,안전운전 의무 불이행
2019,화물차,보행자,안전운전 의무 불이행
2019,사륜오토바이,없음,안전운전 의무 불이행
2019,이륜차,없음,안전운전 의무 불이행
2019,이륜차,없음,안전운전 의무 불이행
2019,승용차,보행자,안전운전 의무 불이행
2019,승용차,보행자,안전운전 의무 불이행
2019,화물차,보행자,보행자 보호의무 위반
2019,이륜차,승합차,신호위반
2019,화물차,보행자,안전운전 의무 불이행
2019,자전거,화물차,기타
2019,화물차,보행자,안전운전 의무 불이행
2019,원동기장치자전거,승용차,기타
2019,승용차,이륜차,신호위반
2019,승용차,승용차,안전운전 의무 불이행
2019,승합차,보행자,안전운전 의무 불이행
2019,승용차,이륜차,안전운전 의무 불이행
2019,건설기계,보행자,안전운전 의무 불이행
2019,자전거,화물차,안전운전 의무 불이행
2019,화물차,보행자,안전운전 의무 불이행
2019,승용차,보행자,안전운전 의무 불이행
2019,승합차,보행자,안전운전 의무 불이행
2019,승합차,보행자,안전운전 의무 불이행
2019,건설기계,이륜차,안전거리미확보
2019,승용차,없음,안전운전 의무 불이행
2019,승합차,보행자,안전운전 의무 불이행
2019,승용차,보행자,안전운전 의무 불이행
2019,이륜차,없음,안전운전 의무 불이행
2019,승용차,보행자,안전운전 의무 불이행
2019,승용차,승용차,중앙선침범
2019,건설기계,보행자,신호위반
2019,승용차,보행자,안전운전 의무 불이행
2019,개인형이동수단,없음,안전운전 의무 불이행
2019,승용차,보행자,과속
2019,화물차,이륜차,신호위반
2019,승용차,보행자,안전운전 의무 불이행
2019,승합차,보행자,안전운전 의무 불이행
2019,화물차,보행자,안전운전 의무 불이행
2019,승용차,보행자,안전운전 의무 불이행
2019,화물차,이륜차,안전거리미확보
2019,승용차,보행자,과속
2019,승용차,보행자,안전운전 의무 불이행
2019,승합차,보행자,안전운전 의무 불이행
2019,승용차,보행자,기타
2019,승합차,자전거,신호위반
2019,이륜차,승합차,신호위반
2019,승용차,보행자,안전운전 의무 불이행
2019,화물차,보행자,안전운전 의무 불이행
2019,이륜차,승용차,안전거리미확보
2019,승용차,보행자,과속
2019,승용차,보행자,안전운전 의무 불이행
2019,승용차,승용차,과속
2019,승합차,보행자,안전운전 의무 불이행
2019,승합차,원동기장치자전거,신호위반
2019,이륜차,승합차,신호위반
2019,승용차,보행자,안전운전 의무 불이행
2019,승용차,보행자,안전운전 의무 불이행
2019,이륜차,승용차,안전거리미확보
2019,승용차,이륜차,신호위반
2019,승용차,보행자,안전운전 의무 불이행
2019,승용차,보행자,과속
2019,승용차,없음,기타
2019,승용차,이륜차,신호위반
2019,승용차,보행자,신호위반
2019,승합차,자전거,안전거리미확보
2019,승용차,보행자,과속
2019,화물차,보행자,보행자 보호의무 위반
2019,승용차,보행자,과속
2019,승용차,승용차,신호위반
2019,승용차,없음,안전운전 의무 불이행
2019,화물차,보행자,안전운전 의무 불이행
2019,승합차,없음,안전운전 의무 불이행
2019,이륜차,승용차,과속
2019,승용차,보행자,안전운전 의무 불이행
2019,승합차,없음,안전운전 의무 불이행
2019,건설기계,보행자,보행자 보호의무 위반
2019,화물차,자전거,안전운전 의무 불이행
2019,승용차,보행자,과속
2019,승용차,보행자,신호위반
2019,승용차,승용차,과속
2019,승용차,보행자,안전운전 의무 불이행
2019,승용차,보행자,안전운전 의무 불이행
2019,이륜차,없음,안전운전 의무 불이행
2019,승용차,이륜차,안전거리미확보
2019,화물차,보행자,안전운전 의무 불이행
2019,승용차,보행자,안전운전 의무 불이행
2019,화물차,이륜차,안전운전 의무 불이행
2019,승용차,이륜차,신호위반
2019,화물차,보행자,안전운전 의무 불이행
2019,건설기계,보행자,안전운전 의무 불이행
2019,승용차,보행자,안전운전 의무 불이행
2019,이륜차,이륜차,신호위반
2019,자전거,승용차,중앙선침범
2019,승용차,보행자,안전운전 의무 불이행
2019,승용차,보행자,안전운전 의무 불이행
2019,이륜차,화물차,안전운전 의무 불이행
2019,승용차,이륜차,안전운전 의무 불이행
2019,승용차,승용차,기타
2019,승용차,보행자,과속
2019,화물차,승합차,과속
2019,승합차,보행자,안전운전 의무 불이행
2019,승용차,보행자,안전운전 의무 불이행
2019,건설기계,보행자,안전운전 의무 불이행
2019,승용차,보행자,안전운전 의무 불이행
2019,이륜차,없음,안전운전 의무 불이행
2019,이륜차,승용차,안전운전 의무 불이행
2019,이륜차,승용차,신호위반
2019,화물차,보행자,안전운전 의무 불이행
2019,승용차,보행자,과속
2019,승용차,자전거,기타
2019,승용차,보행자,안전운전 의무 불이행
2019,승용차,보행자,과속
2019,승용차,보행자,과속
2019,이륜차,승용차,신호위반
2019,원동기장치자전거,승용차,신호위반
2019,화물차,보행자,신호위반
2019,승용차,보행자,기타
2019,승용차,보행자,보행자 보호의무 위반
2019,이륜차,승용차,중앙선침범
2019,원동기장치자전거,보행자,신호위반
2019,이륜차,승용차,중앙선침범
2019,원동기장치자전거,승용차,중앙선침범
2019,이륜차,승용차,신호위반
2019,승용차,화물차,안전운전 의무 불이행
2019,승용차,보행자,안전운전 의무 불이행
2019,화물차,승용차,안전운전 의무 불이행
2019,승용차,보행자,안전운전 의무 불이행
2019,승용차,보행자,안전운전 의무 불이행
2019,승합차,승용차,신호위반
2019,승용차,승용차,안전운전 의무 불이행
2019,이륜차,승용차,신호위반
2019,승용차,없음,안전운전 의무 불이행
2019,승용차,보행자,안전운전 의무 불이행
2019,이륜차,승용차,안전운전 의무 불이행
2019,이륜차,보행자,안전운전 의무 불이행
2019,승용차,승용차,안전운전 의무 불이행
2019,건설기계,보행자,안전운전 의무 불이행
2019,건설기계,보행자,안전운전 의무 불이행
2019,건설기계,보행자,보행자 보호의무 위반
2019,승용차,보행자,안전운전 의무 불이행
2019,승용차,이륜차,신호위반
2019,화물차,보행자,안전운전 의무 불이행
2019,이륜차,화물차,안전운전 의무 불이행
2019,화물차,보행자,안전운전 의무 불이행
2019,승용차,보행자,안전운전 의무 불이행
2019,승용차,이륜차,안전운전 의무 불이행
2019,화물차,보행자,안전운전 의무 불이행
2019,자전거,보행자,신호위반
2019,화물차,없음,안전운전 의무 불이행
2019,승합차,이륜차,신호위반
2019,승용차,화물차,과속
2019,승합차,보행자,보행자 보호의무 위반
2019,승용차,보행자,보행자 보호의무 위반
2019,이륜차,보행자,중앙선침범
2019,승용차,보행자,안전운전 의무 불이행
2019,승용차,건설기계,안전운전 의무 불이행
2019,승용차,보행자,과속
2019,기타,승용차,중앙선침범
2019,건설기계,보행자,안전운전 의무 불이행
2019,승용차,보행자,안전운전 의무 불이행
2019,승용차,화물차,중앙선침범
2019,자전거,보행자,안전운전 의무 불이행
2019,승용차,보행자,안전운전 의무 불이행
2019,이륜차,없음,안전운전 의무 불이행
2019,건설기계,이륜차,중앙선침범
2019,승합차,보행자,과속
2019,승용차,보행자,과속
2019,자전거,승합차,안전운전 의무 불이행
2019,승합차,보행자,안전운전 의무 불이행
2019,화물차,보행자,안전운전 의무 불이행
2019,승합차,보행자,안전운전 의무 불이행
2019,승합차,보행자,안전운전 의무 불이행
2019,승용차,보행자,과속
2019,승합차,보행자,안전운전 의무 불이행
2019,건설기계,보행자,안전운전 의무 불이행
2019,화물차,화물차,안전운전 의무 불이행
2019,승용차,이륜차,신호위반
2019,화물차,보행자,보행자 보호의무 위반
2019,승용차,보행자,안전운전 의무 불이행
2019,승합차,보행자,안전운전 의무 불이행
2019,이륜차,화물차,안전운전 의무 불이행
2019,이륜차,보행자,안전운전 의무 불이행
2019,자전거,승용차,중앙선침범
2019,자전거,화물차,기타
2019,화물차,보행자,안전운전 의무 불이행
2019,이륜차,화물차,신호위반
2019,이륜차,승합차,신호위반
2019,화물차,보행자,보행자 보호의무 위반
2019,승용차,보행자,안전운전 의무 불이행
2019,이륜차,없음,안전운전 의무 불이행
2019,자전거,승용차,안전운전 의무 불이행
2019,승용차,화물차,중앙선침범
2019,승합차,보행자,안전운전 의무 불이행
2019,승용차,보행자,신호위반
2019,화물차,보행자,보행자 보호의무 위반
2019,승용차,없음,신호위반
2020,승합차,보행자,안전운전 의무 불이행
2020,승용차,이륜차,안전거리미확보
2020,이륜차,없음,안전운전 의무 불이행
2020,승용차,보행자,안전운전 의무 불이행
2020,자전거,화물차,안전운전 의무 불이행
2020,승용차,없음,안전운전 의무 불이행
2020,승용차,개인형이동수단,안전운전 의무 불이행
2020,이륜차,승용차,과속
2020,승용차,보행자,안전운전 의무 불이행
2020,승합차,없음,안전운전 의무 불이행
2020,이륜차,화물차,안전운전 의무 불이행
2020,이륜차,없음,안전운전 의무 불이행
2020,승용차,이륜차,신호위반
2020,승용차,이륜차,안전운전 의무 불이행
2020,건설기계,보행자,안전운전 의무 불이행
2020,이륜차,없음,과속
2020,승용차,보행자,안전운전 의무 불이행
2020,승용차,없음,안전운전 의무 불이행
2020,화물차,승용차,안전운전 의무 불이행
2020,승용차,보행자,안전운전 의무 불이행
2020,특수차,보행자,안전운전 의무 불이행
2020,화물차,보행자,안전운전 의무 불이행
2020,화물차,보행자,안전운전 의무 불이행
2020,승용차,보행자,과속
2020,승용차,보행자,안전운전 의무 불이행
2020,승합차,불명,안전운전 의무 불이행
2020,자전거,화물차,신호위반
2020,승용차,보행자,안전운전 의무 불이행
2020,승용차,보행자,안전운전 의무 불이행
2020,이륜차,승용차,안전운전 의무 불이행
2020,이륜차,이륜차,안전운전 의무 불이행
2020,승용차,보행자,안전운전 의무 불이행
2020,승용차,보행자,안전운전 의무 불이행
2020,원동기장치자전거,승용차,중앙선침범
2020,원동기장치자전거,보행자,안전운전 의무 불이행
2020,승용차,이륜차,신호위반
2020,화물차,승합차,기타
2020,개인형이동수단,없음,안전운전 의무 불이행
2020,승용차,없음,안전운전 의무 불이행
2020,승합차,보행자,안전운전 의무 불이행
2020,승용차,보행자,신호위반
2020,이륜차,승용차,안전운전 의무 불이행
2020,이륜차,없음,안전운전 의무 불이행
2020,이륜차,화물차,안전운전 의무 불이행
2020,건설기계,보행자,보행자 보호의무 위반
2020,승용차,보행자,안전운전 의무 불이행
2020,건설기계,이륜차,안전거리미확보
2020,승용차,보행자,안전운전 의무 불이행
2020,자전거,승용차,교차로 통행방법 위반
2020,승용차,보행자,보행자 보호의무 위반
2020,승용차,보행자,안전운전 의무 불이행
2020,이륜차,승용차,신호위반
2020,화물차,보행자,안전운전 의무 불이행
2020,화물차,보행자,안전운전 의무 불이행
2020,승용차,이륜차,과속
2020,승합차,보행자,안전운전 의무 불이행
2020,화물차,보행자,안전운전 의무 불이행
2020,건설기계,보행자,안전운전 의무 불이행
2020,승합차,보행자,안전운전 의무 불이행
2020,승용차,보행자,안전운전 의무 불이행
2020,승합차,보행자,과속
2020,자전거,승용차,안전운전 의무 불이행
2020,승용차,보행자,과속
2020,이륜차,보행자,안전운전 의무 불이행
2020,원동기장치자전거,없음,안전운전 의무 불이행
2020,승용차,보행자,안전운전 의무 불이행
2020,건설기계,이륜차,안전운전 의무 불이행
2020,이륜차,승합차,신호위반
2020,원동기장치자전거,보행자,안전운전 의무 불이행
2020,자전거,보행자,안전운전 의무 불이행
2020,승합차,보행자,안전운전 의무 불이행
2020,승용차,보행자,신호위반
2020,승용차,보행자,안전운전 의무 불이행
2020,건설기계,보행자,안전운전 의무 불이행
2020,승용차,보행자,안전운전 의무 불이행
2020,승용차,없음,안전운전 의무 불이행
2020,승합차,보행자,안전운전 의무 불이행
2020,화물차,보행자,안전운전 의무 불이행
2020,승합차,보행자,안전운전 의무 불이행
2020,원동기장치자전거,없음,안전운전 의무 불이행
2020,승용차,보행자,안전운전 의무 불이행
2020,이륜차,승용차,신호위반
2020,승용차,보행자,안전운전 의무 불이행
2020,승용차,화물차,안전운전 의무 불이행
2020,화물차,없음,안전운전 의무 불이행
2020,승용차,보행자,안전운전 의무 불이행
2020,승용차,승용차,안전운전 의무 불이행
2020,승합차,자전거,신호위반
2020,화물차,보행자,안전운전 의무 불이행
2020,화물차,보행자,보행자 보호의무 위반
2020,승합차,보행자,안전운전 의무 불이행
2020,화물차,화물차,안전운전 의무 불이행
2020,승용차,보행자,안전운전 의무 불이행
2020,화물차,승합차,기타
2020,승합차,승합차,안전운전 의무 불이행
2020,승합차,보행자,안전운전 의무 불이행
2020,이륜차,화물차,안전운전 의무 불이행
2020,승용차,보행자,안전운전 의무 불이행
2020,승용차,보행자,안전운전 의무 불이행
2020,승용차,보행자,안전운전 의무 불이행
2020,승합차,자전거,신호위반
2020,승용차,자전거,신호위반
2020,승용차,승용차,과속
2020,이륜차,승합차,신호위반
2020,이륜차,건설기계,안전운전 의무 불이행
2020,승용차,자전거,기타
2020,이륜차,없음,안전운전 의무 불이행
2020,승용차,이륜차,신호위반
2020,이륜차,없음,안전운전 의무 불이행
2020,건설기계,개인형이동수단,안전운전 의무 불이행
2020,이륜차,승합차,안전거리미확보
2020,이륜차,없음,안전운전 의무 불이행
2020,승합차,보행자,안전운전 의무 불이행
2020,이륜차,개인형이동수단,과속
2020,화물차,보행자,안전운전 의무 불이행
2020,이륜차,없음,안전운전 의무 불이행
2020,화물차,이륜차,신호위반
2020,이륜차,없음,안전운전 의무 불이행
2020,승합차,보행자,안전운전 의무 불이행
2020,승합차,보행자,신호위반
2020,화물차,보행자,안전운전 의무 불이행
2020,자전거,화물차,안전운전 의무 불이행
2020,승용차,보행자,보행자 보호의무 위반
2020,승합차,보행자,안전운전 의무 불이행
2020,이륜차,보행자,과속
2020,승용차,보행자,안전운전 의무 불이행
2020,승용차,보행자,안전운전 의무 불이행
2020,화물차,보행자,안전운전 의무 불이행
2020,건설기계,보행자,안전운전 의무 불이행
2020,화물차,이륜차,신호위반
2020,승용차,보행자,안전운전 의무 불이행
2020,원동기장치자전거,승용차,중앙선침범
2020,승용차,없음,과속
2020,승용차,보행자,안전운전 의무 불이행
2020,승용차,자전거,신호위반
2020,화물차,보행자,안전운전 의무 불이행
2020,승용차,보행자,과속
2020,승용차,보행자,안전운전 의무 불이행
2020,화물차,보행자,안전운전 의무 불이행
2020,승용차,이륜차,기타
2020,자전거,보행자,기타
2020,이륜차,화물차,신호위반
2020,승용차,없음,안전운전 의무 불이행
2020,화물차,자전거,교차로 통행방법 위반
2020,승용차,보행자,안전운전 의무 불이행
2020,승용차,보행자,안전운전 의무 불이행
2020,화물차,보행자,안전운전 의무 불이행
2020,이륜차,보행자,신호위반
2020,승용차,이륜차,안전운전 의무 불이행
2020,이륜차,보행자,안전운전 의무 불이행
2020,이륜차,승용차,신호위반
2020,승용차,이륜차,기타
2020,이륜차,없음,안전운전 의무 불이행
2020,승용차,승용차,신호위반
2020,승용차,보행자,안전운전 의무 불이행
2020,이륜차,승용차,안전거리미확보
2020,이륜차,없음,안전운전 의무 불이행
2020,이륜차,승용차,안전거리미확보
2020,화물차,화물차,안전운전 의무 불이행
2020,화물차,보행자,보행자 보호의무 위반
2020,승용차,보행자,안전운전 의무 불이행
2020,건설기계,보행자,안전운전 의무 불이행
2020,자전거,화물차,안전운전 의무 불이행
2020,자전거,건설기계,안전운전 의무 불이행
2020,승용차,보행자,안전운전 의무 불이행
2020,자전거,보행자,보행자 보호의무 위반
2020,원동기장치자전거,승합차,중앙선침범
2020,건설기계,보행자,안전운전 의무 불이행
2020,이륜차,화물차,신호위반
2020,화물차,보행자,안전운전 의무 불이행
2020,승용차,보행자,과속
2020,승합차,자전거,안전운전 의무 불이행
2020,승용차,자전거,안전운전 의무 불이행
2020,이륜차,없음,안전운전 의무 불이행
2020,화물차,승용차,안전운전 의무 불이행
2020,이륜차,없음,안전운전 의무 불이행
2020,승합차,보행자,안전운전 의무 불이행
2020,원동기장치자전거,화물차,신호위반
2020,화물차,보행자,안전운전 의무 불이행
2020,승용차,승용차,신호위반
2020,승용차,보행자,안전운전 의무 불이행
2020,승용차,보행자,안전운전 의무 불이행
2020,자전거,승합차,안전운전 의무 불이행
2020,화물차,보행자,안전운전 의무 불이행
2020,승용차,특수차,안전운전 의무 불이행
2020,화물차,보행자,중앙선침범
2020,승용차,보행자,안전운전 의무 불이행
2020,승합차,승합차,안전운전 의무 불이행
2020,승용차,승용차,기타
2020,건설기계,보행자,기타
2020,이륜차,없음,안전운전 의무 불이행
2020,이륜차,승용차,신호위반
2020,자전거,승합차,안전운전 의무 불이행
2020,승용차,보행자,안전운전 의무 불이행
2020,건설기계,보행자,안전운전 의무 불이행
2020,승용차,보행자,안전운전 의무 불이행
2020,자전거,보행자,신호위반
2020,승용차,보행자,과속
2020,승합차,보행자,안전운전 의무 불이행
2020,승용차,보행자,안전운전 의무 불이행
2020,승용차,보행자,과속
2020,승용차,보행자,신호위반
2020,승용차,자전거,신호위반
2020,승용차,이륜차,안전거리미확보
2020,이륜차,보행자,과속
2020,승용차,보행자,안전운전 의무 불이행
2020,화물차,보행자,보행자 보호의무 위반
2020,원동기장치자전거,승용차,신호위반
2020,화물차,보행자,안전운전 의무 불이행
2020,승용차,승용차,중앙선침범
2020,승용차,보행자,과속
2020,이륜차,승용차,신호위반
2020,승용차,보행자,보행자 보호의무 위반
2020,승용차,보행자,안전운전 의무 불이행
2020,승용차,이륜차,신호위반
2020,화물차,보행자,안전운전 의무 불이행
2020,승용차,없음,안전운전 의무 불이행
2020,자전거,이륜차,안전거리미확보
